w1,w2,w3,w4,w5
2.610502197866987,3.6714751098862806,0.5825491088983725,9.224063920541976,2.588017560154184
7.03231270690096,4.352184665475373,7.3665244446212155,9.570109666879452,0.6355391979082803
8.22740541731211,6.496215667837875,5.672845079205478,5.4293091703707805,6.268672528495426
4.5492172695487865,9.882146665078388,2.2980177664163746,2.354140282752728,0.1347603339875847
5.8288550969201385,4.920948635501432,9.510393881427015,3.4294066830322234,3.054602991973676
9.858276276005517,7.463897735459697,6.644123752029554,9.445371605030777,6.986490539768839
3.6641572668259057,8.135868688172565,1.004937944725125,4.311531995032569,5.971571158652987
0.4164721447904973,2.969782748518246,0.8458239768417686,3.7365182530855847,1.7404071630077134
2.763840879373473,1.5796295414766892,8.459926986362788,8.78217070267658,7.949318726740977
5.0269305331741645,6.9762798564437585,9.743555142419812,9.338449925232341,6.223356232160796
7.104544670793817,2.911603892980603,8.955976815042233,1.7601461468357682,2.5745932154668094
8.594936545501596,3.269830317745719,3.5791514888627898,4.827799280558363,7.380748142792588
5.283924353077106,9.002872380108762,3.474138580743329,4.634849054761258,7.1291627224814205
3.4629188100089037,5.881411322654574,1.1810247570795607,5.022818599221843,2.049667869975936
6.5632785425128235,5.5152410550326625,4.031886711587333,6.396202085076197,5.43178330721109
8.670005050888893,1.372984797188066,8.165561672623141,7.168071010005656,9.95150211704801
0.7518287130321233,9.583816549646802,0.8641785237001176,0.00310660868988899,2.2521920902069956
9.832730887802853,2.3468343950839357,2.099202119322622,2.5169612591507384,7.387576807824567
6.07241044580765,6.091192349716761,2.108998642634093,4.7972506434247055,2.5263088666191127
3.0869707177172567,9.646510872618002,0.7576792207126071,5.051949680751024,6.267138992235234
5.163261546262933,6.860471641721278,8.793600688443279,2.8647991478302,6.379822796939196
6.563213830105729,8.569165125677946,5.388357874083236,4.091023742996899,3.5076635324457826
6.848522542115074,6.528557289614904,3.2613048531330104,3.297106515796062,2.712299377118037
0.35921961369641653,4.3957328151057435,8.650028555695222,0.9254898604444517,6.972710347984724
2.680490644263637,8.460347178723701,0.26921886158023156,9.616728347462953,2.1184322403010225
9.564292914955582,8.518957880708829,5.840083416914497,7.2749012872900565,0.8198431027149666
0.5399397793762639,6.989342810021142,0.7585046963943787,4.007685879593201,7.4217366818312005
5.666486411236143,2.63740468218682,2.896076197941837,1.7003245971884706,2.2769926941956333
6.725576983488947,0.12143552243350508,8.327687708010368,0.5562664199402989,3.2218335892088246
9.209397442694403,5.431114418416259,2.1036272973894263,2.542984839780824,7.546709288743331
9.991165613661453,9.436532927186956,4.201937828481267,0.18988261827074693,5.104389271290735
5.183465844356164,3.933368142139516,4.086917923783298,4.059009662612275,9.307020855333445
9.408133402617704,0.08170841289497077,3.8604611886019837,9.089451120173365,6.189890900260815
7.255374027162062,0.36363271800376906,5.863966049591402,3.3882399082071144,0.3964440145205761
9.987068095203508,9.878922215376187,2.2460262499382946,5.422729524321841,0.2167563266300787
0.4142990459771856,7.729491338153687,1.4024187528520538,3.244381884969032,9.918700390810315
3.9378704249838483,2.7179337558207473,8.184673108659812,9.545622591615789,1.029033547231265
4.801341783669449,2.086234821095714,9.794277185369985,5.923740741633317,8.823287130644697
2.0859599972072127,5.352572064170156,9.468335136174284,7.092428297722371,4.035744124380942
7.526180716380485,8.308028726361023,3.6540027865231095,9.16899532274701,1.170019241141691
0.16277086114375283,6.333479843422505,4.685882804311682,0.434409113100237,2.520014306237087
7.922846359038988,6.962519570497624,5.829683336611157,5.8574055508043035,6.7112733566617555
8.386610505327305,7.063819015445542,1.914716489886783,4.892862211673482,0.2238467635712238
0.624283267270549,6.5801906730808,0.6192524273695865,7.121928654009708,6.5601917076323835
5.062562572004992,6.644351272378311,3.6502502680283486,1.6972440359807794,2.5958041944091637
4.213928929537004,8.381366041933969,3.5473161386713725,7.147648883252087,9.842343517131464
4.753856832448873,0.10146574409686249,0.9490178392471393,6.102568895154987,9.521020719364637
5.818740433312063,5.218270617148385,2.441542972296653,4.106436243694013,7.792885828164618
7.357049684308872,8.655394275696601,1.6730578780302408,5.196966816381114,4.302468393573903
5.8692148672761935,3.6968943684799793,6.467225196303379,5.582568176140783,2.402422404067691
9.79241107571571,4.822346299332566,8.176305554233878,4.899990113965704,3.709808559481994
1.4381880696795457,5.34854877178806,6.4387143936419955,6.077070621365722,3.987416586797762
9.174727206667395,3.104127746331462,0.5348418297787205,7.444703601891998,8.546086300257874
4.994680240761236,7.236870061649062,8.222881906665517,0.1683452599637214,0.5706889616196875
8.146601741636559,4.8399923656696995,8.707918194152663,3.9874659758281714,8.455662199508216
5.112589048645621,4.359272885371938,0.277502589407288,9.21918338521267,0.9448370208071455
8.54139199180436,3.950587431308322,7.204821276931735,9.031097356052275,9.142425401701741
9.421287599600888,1.5938702586189546,4.598318726148505,7.935015537652598,6.454291258725347
1.824765479181043,5.183033392092023,8.511166639214798,5.078153021110775,9.512818135062167
6.936504529150845,3.5616765960336116,7.2287014402127685,7.886949172108528,8.94407624935285
9.1016174425576,8.264418827600545,5.854021984919541,2.3195389056778373,2.2641343965347227
6.5660088996485015,5.692321716261351,3.8591319819381487,0.3598872434943867,0.6766009770207182
6.913044596357739,0.1773457779369625,6.4911699488281975,6.203930954069659,6.58712324022349
7.026803404868258,1.0636852165197697,7.0017229787213715,2.665060895696837,3.5224811346254894
0.0007773577756409189,7.597573390659658,7.486775493841272,3.1307553405599755,2.2571260493732312
8.364174114195572,8.772248268573096,8.205215247904775,5.122178919124051,6.322382080118115
6.276034808390789,0.2962018283624068,7.31099217886222,4.0264232736161185,0.7262102274237603
0.03639290452101096,6.4152474937644,1.6553795959600337,3.678202900738138,2.756008572030969
8.04681812928605,8.39548067047963,6.294509970115002,8.746650656196277,5.516825843954524
2.846238520996436,1.2251195886664457,3.247177239173671,1.0328637874289526,0.152534598333528
2.3105716127002807,9.108391002722795,8.3197057834352,3.4874501744164323,9.047639176302791
9.747162443442473,8.768846971220668,8.445722152236536,4.421514128009801,1.3675656489779142
0.4388311376123222,8.64724125166841,9.648372432999361,3.6672873649405924,0.9664214715597708
9.165892813693734,8.800329712478792,6.36494127733191,4.183634920883531,4.285440457705974
7.758741190798072,6.519509929226917,5.125235261854133,4.378361402292054,4.387313503440133
1.4693246279093608,0.9595302926748672,3.0246045261198438,3.9226349967989793,9.247523495521218
8.024570692322891,3.8796941941509013,4.391877852468214,4.096925797695116,1.5031616878433696
8.611654194463197,9.944179428133504,8.915806442985863,8.645122310341362,5.402955135494302
1.4249382204173489,5.449710758068786,4.4508137231315406,6.021498101685009,5.4430523982198
3.106434810290466,8.327200805876503,4.629432747160872,0.636170578545332,8.535827916556318
7.082884017478443,2.5620178856546016,2.6856926928863567,2.360510954771844,3.495282139766732
4.3218384181849085,5.8263750396840095,2.505332771383897,8.459721797911058,6.304388387652969
0.29227738809934234,2.0029433512018366,4.068379629251041,5.9015938198466795,7.6506377215353005
4.9444895898192645,3.02119317510222,6.349975082452753,3.46557606904958,9.803052258634606
6.76365588990313,9.756753344714896,3.2099606984750286,3.1342533044231025,1.6016881259032456
5.794137892559129,5.151528229545374,3.6994284776815634,7.102756765997048,0.8412372301367788
7.158200284731099,6.29863481528341,5.931566270071112,3.2630497733496187,6.084716120522559
0.3163878319811664,0.41395780370790947,6.804634894875833,3.8971478650762545,2.9802963736852863
0.750309187603786,0.017180218119113855,7.469725800269184,0.48653473675199455,5.050708715549479
3.740935681911534,6.883843341094641,0.06787512939859908,1.721148914249585,8.391696744717752
9.61829027841836,7.02832955453635,3.870451354708214,0.15470113646396721,6.790688298730641
3.434112848278039,5.383012581214811,7.3268918471051485,0.5297985563673091,7.185753079378242
5.165686298274719,2.692575618779922,9.06349238259459,9.519551127594521,1.482577721709084
0.09958226603999143,8.544179947861503,7.010431605638614,6.21176440446881,9.736597206687694
0.681625298639682,8.388272325806184,8.035360570368175,4.05044820244857,8.563209302599148
4.676623470646245,1.3215534072417723,3.42861532938723,7.536857557485704,8.58460186141479
0.08926381124505167,5.166328310234424,8.368797102566534,7.357296924459562,1.6967406900738025
9.996410578154677,2.6406875038020017,6.197725947190991,9.013667101936942,7.590057219056225
7.399316514816309,9.54787094982014,0.9215892502713507,6.829437425450476,1.1443590436833295
0.7181477955769011,0.909362397659621,8.644329731238168,9.185251709979386,7.518622321329117
6.814620650599244,2.4691814360118105,7.442963144483584,7.543512418205523,5.627152537476928
3.9070746797163203,7.08599627436776,3.0979455580382584,8.406521689865917,9.482708938287335
6.4267799666006304,9.454859393686258,2.523679046966456,1.2504192444509765,8.594628961454879
6.364559839110154,7.625658849957552,6.403773547226934,4.72226634752621,8.255145545181238
7.995871528734231,8.389816577365005,7.060741063603311,2.999428520063663,1.9906952766837915
6.317480689230358,8.178531619881003,6.553832063177483,5.488937847344026,4.76950735500437
0.3812204811916997,5.54824952365296,3.1730400091635613,5.610532841401072,8.272453189327729
5.452614193346253,3.2650457230783303,1.7781857840414672,0.42489673470477163,3.241557402423727
1.910129541344746,5.907155145187413,0.21844960533476065,3.7516411360943813,3.706119785591687
2.886845117551747,5.312548703281713,4.844623692853917,3.967385839561125,9.329469851773464
9.938042673948553,7.951749050840945,7.96296345551625,0.17276089468918787,7.594129953990966
5.422184882351391,5.217460461215464,2.29856298451224,6.69631823547485,5.619881882149986
5.418392506110479,5.319166700318165,7.049734879867424,8.268145304513082,5.7784160695378315
2.560242086641713,3.6506713667251676,3.1966026879417653,9.62170947379758,9.518532343752803
3.8757324822101333,6.411058015674777,9.513315207888997,4.332706739622111,0.23911377416564683
9.51503708506798,2.924243292617912,7.010800727933118,1.6233705844852342,2.9526320916311324
5.088898257915892,5.285519813233788,1.6545763659462087,0.5571519944502812,7.663320497284175
1.242228127484678,8.896133371776031,5.6970469266272215,7.385135172671262,7.164936553321782
4.680031772077809,4.4576311095173455,0.5319521757744639,7.4306060380330505,2.140564081079895
8.905090843575383,8.874661111132824,9.341018333734198,7.291791620690332,4.935238539521022
3.7763251930170636,9.009926531576948,7.096324290836319,4.565612988113994,9.887581913518172
6.683796991763335,8.58373495048993,9.354703916515557,3.600279175306802,3.0535015401711583
7.270548692348263,8.691802287420806,8.874062147219444,0.3120403724184484,9.656778312985184
5.417962735897457,9.206501792737045,3.482687891450811,0.753419983117084,4.424493610100113
5.823697631530177,9.907730483816978,0.9324286046554775,5.012450639283723,9.526632991799293
8.594787646965328,8.968643071706168,7.748745289631613,3.2181501974116733,5.190107088719661
2.6112595462373065,5.996593217250448,4.135185073901088,6.2745218913337535,5.277479283219914
4.2679703585427555,0.4057831678566648,0.6571764690923942,0.48903140299350834,5.653186976475749
8.626103843657209,1.519622227439359,8.336351997693397,0.45180358705819157,0.6294255329133525
1.401544234730715,0.7882778748407604,6.623255187678522,3.5165024709736192,2.1643716994158915
3.1491636396173694,6.39774477459635,0.4251448446799888,9.958045102872804,8.921270073816487
8.506934008385926,4.133035494425547,4.3429207214102306,3.6031817215025796,1.993639394563923
7.271383282720159,3.4816731488594357,3.770260989652272,9.069957472036974,3.297863147075547
0.7825302737448381,1.3753044728147001,0.7996157226123557,4.731341878791046,0.7749203170529306
7.8315055291065585,8.833036227852144,5.482763782126298,8.774204281684662,0.6364686652126961
2.8637577287762794,9.448040898134614,9.149617346608645,3.7451710759892256,1.460794420337057
3.2848919813633204,2.5293450496258507,2.055653995287611,2.841138043589193,6.1165192371753
2.2984484350801857,1.7294262825324735,9.645219214005524,5.626691409915118,6.253601369943857
9.89925834269989,1.188902067674772,6.77861532812658,6.733641578917966,8.586158535203005
0.5761162079247939,1.4110939836872505,3.276390936912631,6.331907407538186,4.137281753453012
4.978245914261754,2.2573328403753234,9.181758480773862,0.8308155497635505,6.986702114113235
1.5995108793859847,6.965497987882001,3.052239165410792,5.449878237075624,6.648833615803907
0.8741509502526212,9.800832380891164,3.1481103003945634,2.5828826191247978,9.873353379910895
2.7046168479056854,6.5184715231569745,9.81437140377725,6.165933621975236,7.854553342574958
3.9403523665646203,0.767089153760282,3.7476208038280543,5.7507602672264015,8.927913347745038
0.7944966940585196,5.992694720712555,5.328215810481561,8.3854082747158,4.712650792604038
1.5543516258875079,8.551245561451767,2.7189227915069103,8.827084755658973,0.6349603898718637
6.311248432347255,1.7982471531864597,8.284270398008848,3.3697425309240248,9.053046508056683
0.6365035980402023,8.700338898820535,4.103455489957247,2.5790789059788723,1.5930429388338285
6.839640995198696,8.182536670361257,5.703928042153685,1.3674989276102045,3.3338513644505707
8.356468562701288,5.509155491416147,4.719647433424502,5.951133548972795,0.3048394739320692
0.9672210061532938,4.626338284649947,6.749667627606755,7.466553646392967,9.156770639192297
0.18543372021134874,1.210599859507987,2.6809434549255595,5.545082450741315,6.895853830168602
0.493443706569362,6.392995135967031,2.145326388654394,7.788138961915281,1.4942873044742344
9.130301060092597,4.370065229977804,8.207280451327415,0.015439991193793023,8.849798964279247
3.8429666857091593,4.1599420085529335,5.700473217389797,8.915997188276144,8.052597568640024
9.894579177993807,9.711197653717656,6.090121322783184,2.0965096223963995,5.814824795987631
8.37203144868138,9.843761533709385,0.9002799381169013,8.657614862778596,2.882363845925522
9.963436541979881,1.864874000076202,7.817968870598108,5.166345503458017,9.472731995082166
5.428819199391306,4.321321693072667,3.089313814770833,1.5514357444614468,3.026667843106887
6.238605043175629,0.5494507755141387,9.722937911218267,2.931343857404678,6.836685593798158
5.588945236917406,4.5543329155215115,9.687423618275941,9.046147197589391,2.8971109593786224
3.1960026052615884,8.890480928558917,1.560635859408941,2.949250699144066,2.0820101339478594
3.9909225740639465,2.5126862945755866,2.2371492176932204,5.846331788987639,5.1855624435331364
3.4458573107524106,6.050683371598722,7.939909270715181,5.414550870083561,0.8956185775835324
3.1757804549872484,5.754138263623991,5.458021313782221,7.811366430797126,1.8486221304357975
2.652711635202185,2.920312897285257,3.5844934189315203,9.535091416374673,6.617454555673423
8.153119476284234,7.887533439592119,8.73233149238323,1.634094380103055,5.6758074907364655
8.842450275900482,6.978486579810891,0.4327484802254844,4.218566767927713,9.860872765503201
0.9760009968255834,9.635381368162301,2.677129815967245,8.607218641088842,7.4001295569271655
8.581850191155107,7.068644754678121,4.957340461575007,0.6004282957395501,1.3669249036471187
5.586430760625182,4.372963280331713,4.8607788690400575,3.1842717257079487,6.9254994014467455
3.0098018391238037,5.98714571931021,1.3326300032311056,7.858403122637798,6.37493942240207
7.120710381019169,2.754967084716059,3.5078328309690034,6.317751810870389,4.423228450008497
6.580469753501749,3.1975901040098598,0.7150410119048878,7.541721012360284,6.767451509190797
2.3766510147325026,5.012070686411389,1.60478842987119,6.376550152928264,4.124689459793376
2.8363881060997818,3.954728818607233,4.31886329751276,9.185113963138283,1.9863638021671848
1.3471832642301407,2.8644642072933246,6.711157099394711,9.84489014673445,2.4984134437175234
9.59480239032558,0.6806673216116721,0.5746430738916897,9.889860039045569,5.950569933225545
6.336215523961187,5.188252398519477,8.25441313941662,9.167569833139645,6.936729405798233
6.0133686177375765,9.390259761157985,2.0904829496965425,7.605108939666673,1.1484720429226325
6.760375456679984,2.3904229352119053,5.150634914050252,6.388261359521593,2.147653004976564
4.56347600436041,4.109016081260123,0.2253199892686919,1.6837206374242608,8.434542294717408
5.832999857299263,8.694097385248252,6.933833917623954,6.425701925332162,1.180607379290145
4.87579646638534,0.052052429561860736,9.151325084150114,7.87904704923644,8.596040926778034
0.9590213920562929,1.6704088484461432,4.818871929661121,2.8534772732427607,7.3070364987444165
2.1469192668898085,5.567939437363521,6.765542642326436,8.086593968224214,5.719361487292673
1.6187490091534473,1.9834634516031602,0.061717996325567626,4.504748578567224,5.572468449540981
3.267843025016197,0.5374258815104027,4.080498103758899,8.66437964630908,8.224038672361877
8.940851900939313,0.8416491194914499,7.584603135897348,2.9838965717048795,1.369528529925652
1.8791464593797536,7.784258161274903,0.1857505866391529,5.897220157633878,5.746093064422475
6.7152991591527105,6.218164441661832,0.031225867019185616,5.247488996216738,7.216071103306767
0.9044145070975096,3.7246871759816713,5.781145101553528,6.79879870125843,9.101664132908887
6.230154157569267,5.680610281755845,0.6574910405964685,1.4706953329739314,3.9759947601561207
5.209889477147083,8.38552645186033,0.6929632800273067,8.484883421385799,4.6474942693228805
4.833851894172358,7.770815131163867,5.49139624100088,8.86854777310559,9.405812496382392
9.39552859294026,1.021828511199011,2.314250429617907,6.885799546094812,1.540640238021741
1.5657922945015756,5.302367672416271,5.041525065459043,3.53348628732482,7.531585152345674
8.025978313038685,9.683145908637552,9.91063792985883,7.07768937730982,7.963209180651275
6.427417032840113,8.653394889547005,5.96044380568023,4.751666488021855,3.5959844552664655
2.2327425166182047,0.47434877594946134,5.203268410044025,0.4442524278134141,5.40668182026576
3.6153845950788543,7.7834356098310495,3.659915216075351,5.328720095972116,0.07121930028043066
8.731439793915111,0.31892879507419925,9.972380447589257,6.246751170505082,3.2070368310710884
8.28003081761309,9.034231625344823,5.553559744204486,5.449646976193497,3.161957686723441
1.9455168338962503,2.562255266611122,8.598846490496564,6.175974391394248,2.334123303527856
8.905266969033974,6.5973267795167025,0.613187933788305,0.33143698866161087,1.8145798102008925
6.29861825802521,7.925053907306881,9.200545112496405,6.051525096733106,5.254972282559126
1.9869184654392003,2.601012891571285,7.649262427073559,0.8020619797102457,9.386893707023823
1.9442330771538996,1.3022711595939906,4.562565005638436,7.821391406233112,1.3043760197565113
0.504644707258608,7.757966853568469,9.116671594665632,2.1332840768025263,6.407033533962378
8.902550088822359,6.345728923189686,9.218936433722973,5.904813852298247,1.3627613719316722
9.740035233033916,9.139930475143505,5.087501972586928,9.040182585109214,5.133396234230675
6.109882953336657,8.206230566016721,2.226489022224337,1.5491364405032493,5.514087995059127
8.372882598212463,9.07987502289815,8.320177433893392,4.111749330837017,1.7101170547778433
5.713319272619276,3.153757727033024,2.57111792607743,1.3514523565373449,7.933653823244673
9.238341993651051,5.405005445321796,6.689235527710484,6.223209119789036,9.373349782649909
0.3149500921779247,8.463081735403152,5.6665711640706355,9.127892294223814,1.8338257059626295
1.521263345557432,7.030717555968804,6.717884518054041,4.369403345711684,4.141899290886498
6.520972871447375,1.4204059863267238,4.022715766594587,9.17614054322799,2.3976459129083985
5.144624185161985,5.112987176103342,2.160920498787485,5.102429295697131,0.2221457328881593
8.01536431970574,0.2301683281115574,4.777517262468251,2.600365293141259,0.6229158458333661
4.8009814876009,4.587742047666405,6.69335942555633,6.980072188755889,8.95245845809139
3.0638313477413472,5.835280858750621,7.593004717688222,1.4849441308603872,5.987285209460284
4.1768726271939265,0.7171913666460772,3.817870095906751,8.201083811609282,5.688913331953182
2.8659161372457587,4.472728468724806,8.69057709305337,5.860946208004774,4.462912343102951
7.10596237623117,6.50783461325111,9.863061365156762,8.824762408865771,3.702072964061023
8.296099996702306,2.724834734278836,4.017551692388238,0.5415273143748611,8.379230723183964
2.624238895931168,1.9393690377885942,8.872455517803962,1.438104325441839,9.780526406151623
7.115874659208307,1.246254658193533,3.4029589231824287,7.467201723114817,8.93914206533963
5.744034185583949,5.67670272448953,2.8959086389109645,6.1598880691140145,2.308951931001957
0.5137253475301129,8.504769112787628,0.05657958946594266,0.5126093044297819,4.596918709715766
6.81415222825022,8.37831560030356,1.7468322696320249,0.31034750157760693,4.659268827793013
3.903243278026908,5.053263222942497,5.815809065270189,2.0254927995664076,9.459058782138923
8.757517989203063,6.425082305421307,7.277080179203962,5.460971871909404,9.360722039909446
9.637522815303209,5.675836526935244,8.450709687773214,8.980156300782257,0.7590646760900888
5.38611699235008,2.6107531886061186,4.357981900684168,9.269236916366282,5.565892797052495
9.089093079159355,3.9219677926451335,5.945015921965284,3.7370092356674265,8.930266766348318
9.024637894058117,1.8504352263922075,3.1435849582435713,8.108508203773917,2.0424889481757713
2.123464367093991,7.888893232282621,9.028163585179424,9.626338531796877,7.933669559380792
4.1621611344511065,9.607283001969648,0.36727523958220876,3.8613695712563745,8.84448615409365
4.32820441406127,0.30442592163337334,7.251154091837041,1.5735748974551966,5.780894873439725
0.46233374213513034,5.519994148281389,2.0868351561542022,8.245174427261793,4.413312657576474
4.442162245366527,0.9679799241156062,5.257948237944355,7.4128919851407655,2.2705055321524026
7.772838919672345,8.87784662025315,7.475061595950894,5.5312848800656775,8.121976054728924
0.35471434440883853,0.2911689502312764,4.601839690595084,9.232901453241046,3.629987426135508
1.8826824415698873,3.316347367285638,2.1690721531492474,8.119915708753322,4.2389734207341085
0.3230069927375445,9.453440898032731,7.469102620606339,0.07180048634119918,4.031397968623001
7.604983773845925,5.563929337994606,4.485866509484407,3.057094133912167,9.746765467455424
8.01645189993832,8.672468583479102,2.1134405854728855,1.9858566863198956,1.4406681959278067
3.398155101202205,8.50719775042588,5.811109543835173,8.747825090611556,5.7386009824306345
4.1624966713697376,6.561932864826082,7.3723781828051225,6.39719644418158,4.390887612640837
5.127351689093834,0.6460480326244422,5.388122630739244,8.706302890281684,2.867304134057911
0.6690777944532311,1.279824131933891,4.472810901102097,9.82746017135888,6.573228989144177
6.942070103634766,8.442947209509224,0.23124849318734264,3.24047102075532,9.022525248177363
9.14028827989124,3.7058530356911525,1.5602530413592874,9.2142328859228,1.184903016516019
4.234826513100774,3.6674669857496256,9.637538496924261,1.1093927944539073,4.578011265876509
9.273427959471448,5.53002051468109,9.639383245904543,2.6721738563403976,9.314686945721489
4.89218586435133,2.3911908945640645,4.3903326609872035,9.12840032362917,2.955412935821029
3.592547747847127,3.1715315551295054,0.6629270768863393,4.84022365532515,9.20847756033227
1.2052264700776039,3.0527001969800125,2.085925142540941,4.83912790927822,0.8577873781098777
7.024878606361926,6.669482644350775,1.2425738824571753,6.210516460863409,9.08379897161257
4.756656646753775,5.5486102501827155,4.533702461107259,6.700351252276334,3.077721360424807
7.130211985270832,9.064218023137435,5.177646823468306,9.616519456979,5.245619303471699
7.049627202923224,5.125231540967803,7.824780072208187,4.879714706999291,2.4344648700340823
9.549210104092676,2.743072894973472,1.8562004556701928,3.346736264195144,6.884686324282865
8.929829271867733,1.3071235301130868,9.488347649896374,3.35947837874731,0.7138749228841201
3.594984325354391,8.707419261303698,9.27638729967363,7.722829500677012,3.4289777958977483
8.859594706463682,5.608328339524009,6.255474696283633,2.6093677266872595,1.0249746297897433
6.06879374022638,2.2711331689043956,9.819856751657172,3.5731363138176695,1.3214138095645434
6.455494228306167,3.4358234438087685,0.6815060462426659,4.314307966900603,6.339531958913437
1.3917189216121129,2.350050896910415,3.362615088423926,2.7162969785335287,8.924551308230837
0.9086789361337044,8.628122448891673,3.4168198027756445,2.3411446600301433,0.6401397771034645
0.4250963930566676,7.382464094112423,8.379667637058468,6.985246788585365,0.45185656570474797
2.866916268194516,8.7719917827964,1.022474459135846,6.391727926805373,0.9202402150973643
4.790422802499453,1.9311843387832572,0.45875927356532564,9.347256451719355,7.049709223558484
8.472018867575644,4.448514152589845,9.986276314792024,0.5008792208282542,5.851686145584299
2.8431442680456764,0.52582327384741,7.7537302766258485,2.0576065922466933,2.2548882586908747
4.289923185099322,7.955367549157853,5.834430789470937,5.716903213611322,0.6539840408300368
1.4487970539929818,0.7477049826350712,1.4727809659010094,4.5469847067211555,3.1373361124474974
9.275776440737156,2.2417233243122503,5.870593295689936,7.915066468661307,4.776763147020415
6.818514782826146,9.092640157344782,6.467406113947943,7.676441240803001,7.849417418549383
3.892968784846712,3.2562607555525047,0.3105486183856543,0.14552377450875453,7.192991258970819
3.972691733900792,8.214722507684328,3.602550309689845,2.5501825424067537,8.663418817115394
6.535837664690931,1.714183968767059,3.1364291553392754,2.2520427213032947,7.826971686684542
7.721898214295124,9.918575464326956,7.653773531009277,0.957865191171513,3.5846215979309415
9.068899193952088,7.088035364359236,8.048356280074158,5.618180815318797,3.31287846637721
5.495709777660849,5.874685661837256,6.892890793502378,9.643297061864338,1.112620532004167
1.1924655849615429,2.2623942873517535,9.99989484672308,4.132875044006519,0.05099762321465251
2.6322903957109114,4.216337315903191,3.3083589136325875,4.653103473347437,0.3469601108418563
4.084932790414047,0.21370449795270474,2.5657103416565805,5.107056684105169,8.55506736797939
1.721660221899467,8.586754179864743,6.358486189459702,3.7781193304613714,7.8711163068327235
9.075220669732717,9.025673458644224,8.483419896770663,6.99224609023121,6.985901820266869
7.263479324991629,4.693769062547465,3.3637166055872725,2.7226602437455982,8.397614929314486
9.732922252367041,7.138127727753299,9.325261108187979,2.263049137538281,1.7938945209089274
6.038612652072636,8.281027262266393,5.448762293781399,9.724274399553162,1.1071076816968306
6.81518077914073,7.121457119390884,5.246725530838181,3.3793123085474672,4.504510521417374
8.533214483389909,4.644608251981549,9.241626641993523,5.276166228667377,8.085036399101615
1.8583504082662894,7.577957647281545,3.4245829751051526,2.287580864336195,5.579424267627834
8.490162017888172,6.732071421269394,4.918722432933716,5.634158237563024,0.5597769292402199
1.294053240056554,5.98094893506725,4.359696202838988,5.336832736053938,5.445163873068134
8.559229261137112,7.150761179805095,9.681161445897894,5.813632394021231,2.4315698440044
7.314036774475307,9.603776712463745,8.927876605429109,3.0825955021513995,0.36155118847452483
3.527945689598415,4.13647921925118,5.351050885917704,4.498838404266026,8.706325359060775
5.632907876140695,9.927827976569972,0.8352967311553494,4.808075772834074,1.1461830785899518
7.576431061705378,7.526491171864565,5.700800311388656,0.1496769390973962,7.544211329199838
6.330855033239883,7.067170740466787,1.5786494409225549,2.179502099266851,3.550553180632212
8.361517792537192,6.57335271155341,4.029718799354391,9.497299922789582,8.392981462695134
0.7219424358313087,2.6653408824797378,9.847799926725154,6.46685213563516,5.708881724114876
7.014142735770155,5.028880612369969,3.7612795895543116,7.960187790386489,7.738101125192149
2.180065589834843,9.485823055076791,9.266208540548257,3.451304819524952,5.918385149080764
6.5694915672791945,5.542751617239326,7.6662527632184,5.39573079999067,8.623005993091084
5.269632816012507,3.180096691158063,8.038887203811365,4.2999132196670455,8.277315576416687
6.434164341974902,9.934660749173133,9.856153632453104,6.8120480963000425,0.805596135301565
9.927841813690323,2.8220723957936067,3.6187916407460428,5.915702290038864,5.32384416376127
8.107729700341693,0.6300652167629373,2.9189133478745157,2.044898631224319,0.09585982931925585
1.240970371221527,1.4558748236806052,2.52287952247252,5.077438214891013,8.165783126860006
4.970953693292489,5.153691351193526,3.576402256961664,9.801425914477353,3.1442606433286233
1.4405114343397551,6.30199139087409,1.1836689492249752,8.219164321944412,7.184733965958109
5.253930684489533,2.221749805630676,1.1469444795037842,2.8451430127172683,5.115326908053347
7.13732013766967,3.899873792325974,7.372232562577069,7.551311205545806,9.696548299369127
1.9303961747936138,8.87676549878056,3.003277463857067,5.887663483070588,0.7854658164189743
0.6526432653107028,9.83700235495076,3.6946527739383015,6.128645692340681,3.423348523801879
2.516539692832392,7.71720955529871,7.460726687013728,4.801016850096454,2.435174096374384
6.048067697354277,0.3170614773307401,2.4145617804534214,2.9146479793169444,2.857053904207155
2.7930474880893974,2.064738339496126,1.280065413015684,9.083117242261805,9.469257536186635
3.700600010221926,9.165233380454751,5.920734937166038,6.896965920440239,2.8680230637146877
1.844860525631652,3.13430096452929,3.8618609936703354,5.367438562150788,1.173790741271491
5.636164616433261,8.109817224045544,9.282330516989452,0.02103111629026655,1.0221559859611196
6.04384326365455,5.5727190744224995,8.041854945674952,8.369035221765786,5.881087867558198
7.237562592579177,6.35100800776525,1.945063825261878,6.509112727089915,6.3346356710354765
1.0885838488680766,2.414589928485217,9.812341560811785,8.282408613322003,2.714062232375296
5.994439809224986,6.032567991284656,3.001190350948165,5.789969774594681,4.727602232795716
7.247597093686725,2.810965226010694,8.231400726816254,1.0585318834353796,7.926602380475757
8.442418708200007,4.98286693370753,0.24961444044761083,3.9030091257869435,7.616296510267867
8.161340408648933,3.9202127379761,7.256042857463466,6.235806174804176,5.725638073342118
0.06512767362269689,9.351139847313402,4.2519591448872465,2.9127790514016985,9.087999000152978
8.829348563866073,4.431284374163823,0.8279342809255008,9.214702279789323,4.898029274300989
4.687461043622686,3.219240245923811,5.100598274594405,4.455963798847652,7.228866230471711
8.848658026958486,5.381912152599824,3.9761208433359494,0.5994459829944931,8.668158995437302
4.0384439207227345,3.0615178655450483,0.12392777001796307,7.263534266445833,0.5321440100568331
6.3034598049757,7.869401084710819,3.172068435537192,9.907950952129422,1.9747034046068246
0.7991912705071713,3.879594447814887,7.814880961608694,3.5827193896871057,9.022297886300127
5.539838311439653,6.051849644671851,7.6435597008345795,7.439981314113583,9.945509903750175
2.3830743822328406,2.2695754477626116,8.193548685633441,9.252370187666415,6.647710757883088
3.475224541177849,6.202968056636493,8.457850845852647,1.4518374084978136,7.266955628870889
7.425256034423783,2.5147691308100075,0.4573803443600333,0.5358424585825705,7.861951286940288
5.153222572403445,2.714172990696302,4.296389445347398,8.607440632346467,9.020316290317933
4.73511275219923,9.9802131443493,1.8924336759955873,8.690198230960215,3.595141181077801
3.059622914813115,7.706007507298432,7.422098345472019,8.510196111905561,6.581005962132263
6.211610291252595,9.577525045220552,8.877605326907416,8.239932322708086,2.456834431326984
2.917995145811507,6.756088686326223,6.891365526589174,8.874769121053554,1.198677301910105
3.2886476816518293,4.764737229120937,3.1642186477445824,2.789479982777585,8.079812817187326
5.75386149532214,0.4445090513909533,0.41867742930626894,5.041139230073643,9.57954323692955
1.512852280090461,6.54729793305743,6.660003329544626,9.94145158042546,0.10929492744943592
6.140706517146366,0.9469752864773828,6.4101608203964755,7.433192142446304,6.903589598761782
0.41130220704432396,4.641856702964635,5.615807858369121,5.359022496376884,3.946886708733537
3.953631672402903,7.304446429898091,4.79086815625406,1.4999369037272081,5.500992194001091
0.3795544790308847,4.7457172594827455,6.581240212276624,2.174137250527066,7.833821429754677
6.639723477327687,5.226414293967494,2.569079582332976,6.288665265087894,6.505650520070539
8.36791699466575,7.373797528608299,4.869867975826945,7.943474012756994,8.908832920808116
8.698794016831368,1.5847766410710529,9.368229123107035,8.022824124648032,5.181417108019524
2.722708303107858,4.389739798645637,4.309796749149602,3.75533692563232,5.189275752866067
3.9134896996114685,4.619179193935898,5.8351284076755245,1.92470662103716,0.8436464514575703
9.894815370766656,7.473821269418085,8.834160821345554,9.050723561842682,8.67025317453237
6.8905103965694,8.545799306654683,1.723226393585786,8.830819604922366,9.57028174753992
8.41029525706705,2.9548775561537255,0.70193343232268,0.5256719581760483,8.064515077064776
1.194953909246328,2.2099358804806144,1.244033985719335,6.405793940661284,6.872616846942812
3.803031152436075,8.104260490586345,5.9357475900038805,7.083256093070418,3.0795818007238362
9.102958408023106,2.933854031225086,1.4942039768634208,8.597031746162322,5.406557695124778
7.166260790904743,5.454063065495175,8.343412834408827,9.706148496176484,0.01847422336646365
2.7889391311621017,0.4934839671170166,8.661460181120145,4.064508475771509,6.074447208306894
1.03431803815613,6.273771417877296,4.97189935315387,1.3756461061068725,4.409021731141531
4.071711245978397,1.0065125918077766,9.047443542649447,5.494708394058795,1.1902940813855523
0.8277954056071057,0.7103657311641332,0.40830249381916817,8.191091318777335,7.57327418184483
2.7073569660527506,5.371203385637169,5.57699167074686,8.209427945586667,8.611191218522606
1.7404744642629477,8.538438930582986,5.659336360796178,1.7795837617284138,6.012589949858761
0.9279051035010222,6.863454313816878,2.423680700632034,1.077159583577082,3.935454634310868
3.849546511563057,9.025805687319346,5.053783911457117,1.169023176177969,5.273513326795175
8.97932827397455,9.139179002617157,6.702188590648915,5.388939812083322,2.8593464205651897
3.7362692529411623,7.909769415796495,4.657368278011828,1.2979201301506993,2.9263056495283046
5.567154222709512,6.154276114805625,2.3558808780496943,3.2449539241355305,2.2723072779327502
1.8003816429480102,5.173122962585288,3.2295555799010547,1.642794272280007,3.1124267794210314
8.8121097346544,7.050187968273757,1.4361802340677776,9.611406106108703,1.6614340101747516
8.63673485027132,8.195396534689788,5.880340424717049,4.852451974931044,5.7928505754442385
6.752249675959283,9.69648936075309,8.858819380528114,1.9847143259293298,9.809052612894428
7.181083321591979,2.3877127139201058,4.946882816615814,1.5785514864771544,0.4786741417279583
6.944582722748902,1.0645701916990524,9.816532164032557,8.897039990264227,7.165865939412171
2.1731267646509353,6.071191740178311,8.033797137023855,0.8496833827341377,7.211344467173131
6.592325346149412,0.457324073784906,2.7803990607962428,7.334400701667608,5.231396521500596
3.8317838826317874,5.276271400257059,7.089105565752726,4.770650899034119,0.55031838189879
5.835332335790843,5.426903211439429,0.8424150292430621,3.32163427035286,5.60242694749323
7.342402935146128,9.702077309597474,6.2037371318711365,8.380824202051436,7.279036923970405
5.880316732423677,8.702993356591707,5.147451741174001,6.363195846981355,7.940568464806308
2.9833857849997525,0.6388861331995999,1.3514927760729,4.685346067098842,6.342909956096734
7.015743283986762,0.5799741418864468,0.8661920705397119,7.162762639954565,6.390463309392667
8.505225417211852,9.7815678759941,7.063645121200079,5.154260358128607,1.0466627322331779
9.647071776918919,1.0618139503746027,2.69754789267874,6.672668741809469,3.3909560356528665
7.111484593553802,4.429182619847641,0.36911906303706443,3.0194411636224325,8.600000139755009
2.820677128199749,8.18359514463593,5.807321449891589,6.456220177908638,8.342971197877674
9.169717151857817,1.8517767801307439,2.7317677044414204,4.677724023540284,3.762191903141656
5.5051842500510615,3.010469742030769,4.205492229286595,6.794244576652475,2.6538229045720616
6.411489484709101,9.339693659857577,0.4344222731281433,9.884972187124902,2.8198056169981314
3.0999368257744697,0.5856020856711763,1.4186073675676558,3.757832545870822,0.0030276804777840116
7.925286784693105,7.617516655048522,7.467349062460736,1.8537373828439818,6.93353238589781
7.76555712552613,2.150864836600004,3.955572959604935,7.25698105414835,6.314742861036221
6.020527096671636,8.490644516289095,1.036412705363774,3.332504153668058,3.3716952790506225
9.259191066556653,3.7420380781371607,0.01730114021780249,2.243277694032316,2.7389950854744005
8.357554794422079,9.189939980504244,9.354634339530884,1.3423273532962365,0.7961712340584337
8.651919178504762,1.1818086695935204,8.9477305831386,5.657241790719393,2.5107656450833815
6.782133751582342,9.63999184428032,0.9324143633414061,8.281708718305282,9.726922425337706
1.3949184782465551,6.918566486463255,2.3984700300198036,5.116636683728282,8.266306793637256
4.708186656833723,6.236362940922141,2.2233544162119445,4.1479930576011395,1.081459667278819
1.5406565369365943,1.8530960168458877,6.898182863984998,6.889050377929094,5.896104007518607
9.978142769309255,0.17532865873347014,1.3716745802757113,5.1195210694148585,5.02323625615528
1.1028016119020334,0.47609613132714057,3.274080372102813,2.2722470641772343,7.027955025814992
6.8218941513876405,3.17081270739324,1.3480274514142265,8.638809939813912,8.136371949476468
8.911142667645796,9.469735892697512,2.2108618165679794,5.813235797233885,4.223274186167325
4.610257018047559,4.755024250180107,4.5578572815045115,4.251668829275477,1.4716079979174157
0.0044317582925990084,2.895013617377625,7.475473599718402,3.281380903082569,0.14698533251725987
3.5446971470752087,9.85105188253837,6.300297431435174,6.843966708111976,9.033519518684908
0.9870098803319427,4.5064051947635715,1.1351036516710111,9.453342376696583,2.928850427824324
0.2356508442391969,0.9769869877111126,0.21905906530580777,3.558785242222897,7.225467750194845
7.818410395059021,8.63914727672046,1.0029974651791307,0.7934864605349701,6.797413388097317
9.329431863124194,3.0661414332289025,9.9987757067759,0.05503445543204477,0.6974100184383702
3.0820372631593127,3.3967326839993097,9.65745681884204,7.932959827891649,5.243208968731436
0.5486186547307426,8.149679960225573,7.884037010557044,7.803515896447578,0.8624949340971999
9.622775942810653,9.787949549490762,2.4942130828624465,9.585487244875072,4.027520850991002
9.17167358103524,7.606586101075642,5.943940769306144,3.4719070089169426,5.331814976393469
9.718549251191485,7.465407565698715,0.822941133763746,9.018782555394619,0.24898119633364635
9.332415302334198,1.4639602061318024,9.97842717920069,5.349788805767435,1.9134798752433624
6.266564093534573,5.545825111736189,2.418607261392003,6.1711510375794525,2.0355605613028125
7.61408984766115,2.999071405599958,8.849390839711072,2.39392651947149,5.598801810223442
9.068201134255226,2.2284386721283878,6.841096643086395,4.117173521230014,9.061030560455379
5.865022119663857,9.298539925384686,2.55556812437106,7.085375019451496,2.656254991026523
0.6709562819288739,6.359951822643156,4.760072144328062,6.7839950979240085,9.389866094940615
5.020132099367159,1.5788079667374455,2.6669403442696638,7.5834429656952675,1.5228377244625146
7.180934771205445,6.011891912469677,7.616727341043826,1.768128214947804,3.7953328094900387
2.421405711413155,6.1207978504288665,8.941423644393753,2.453069773762544,2.277731859713593
3.3733943121206855,3.523808255492585,3.9590342399855305,7.195315646690168,7.018006460082795
8.498735012469773,6.361655039432441,5.267194327783939,0.7417135685254039,4.438543399639677
9.130082649501785,6.40997230329356,6.646426521998753,9.600878307593698,6.829573372584057
6.325415146084202,5.6748879648401225,1.840781292158159,5.6113845845207875,9.269201198475159
6.50586446173136,5.490457678319807,0.4047133352589505,6.132886105306426,1.432029038733379
8.827264293926008,0.6961514689043391,6.277491569340157,5.85093610938003,5.076369147869495
4.055572891800495,6.4171346210200415,3.8926452339073148,9.796567110430146,2.3568410371566206
6.465009083426613,1.1917744689048526,5.32373266546745,1.4732315816648212,3.7055838725237433
3.904847342440707,6.0025697532335816,0.8815258819932892,6.546666380118475,8.590685019068617
7.575214339083209,3.514366002747403,7.714685900726774,0.6090033805764861,9.094108663855687
7.451729421614617,1.1041174889002237,4.656153986698905,5.8553548285055035,0.46679292250541793
7.714022564501374,2.127036154117535,4.973336833723855,7.288827993583587,0.3415837133774513
9.733213803199847,3.843670835171591,0.6060914159069097,4.993545665067508,5.406447405627714
6.836680730685507,4.593772906668095,9.751856026897979,8.368003016270194,2.6498966691920045
9.229767509282606,2.9631710906960604,5.767008026375447,6.057527598063314,7.9170119029565145
8.626762823362595,5.082062878552406,2.014519343606934,3.139570570710579,8.287229489540994
8.207085771560358,1.200173309992928,4.682155191203055,3.348468103651776,8.200081794224133
2.9606325798983413,0.5529922703847945,5.210195892934446,7.062488773587453,5.4606568911665
0.1708472258148641,2.385165871514591,1.6602475758605828,2.764869967165126,8.651242944929718
3.099390327803684,8.484081993259466,1.0732427078288498,7.369014563742784,2.736786009019969
3.842232086400558,6.365004969766645,4.482567102425369,9.99835433628832,5.487470620526579
0.10571904083006789,0.8044322633807788,4.929838262657791,8.599489687790518,0.8460146769074728
1.7974879123259202,0.9553818149781224,1.4704425881195415,2.996525232033138,9.394273906222798
7.9060552171531695,4.600782359579929,6.536588257152349,9.998232047858991,5.77675753406378
7.986097111889957,0.7243035831880096,8.054302203431627,0.712479622930613,4.780427143673562
1.0068483104790327,5.571266416961232,2.9592787522698947,6.742072288886469,3.4767888108555156
3.424953145861892,7.011307910980928,3.798551797884958,9.365103971766667,5.871101535204638
9.857684302899665,5.393813166292096,8.466761684351065,0.6893180492539763,9.141382243617054
3.66616914678199,4.782383980490879,2.7189445345123007,1.191740650268368,2.4087652084532865
1.732430655381112,3.935167363878993,5.65112895754336,9.003751998567001,4.323782261344911
2.4964247642837103,4.371138961801422,1.9976091688619024,3.2495937958318666,9.442977400032538
2.030586742083056,9.508107717172605,5.662645125550725,0.6571203031316231,9.59222367232253
6.354902340710455,4.233374429057713,3.346593003437388,6.775769838896726,7.834622917709949
7.6915640816776385,1.378608792267152,2.243607733521713,3.4374243889005873,0.08976067881666605
3.281486375063738,9.636306532811766,0.6368656833501851,4.230313153137547,4.495209779857843
4.75355956500906,5.262061410024289,4.08798490870957,4.021283880168917,1.223779355216209
0.5666304060670679,3.4570667697849586,0.007130666542797259,6.9105592301090555,4.6171081029288885
6.238244338473113,4.092082658107187,8.106500318391678,0.9336417469565284,5.433984307877723
1.376116622207375,3.0583180818047015,7.297027113905573,8.694911251669705,8.796802874551826
9.322526805686033,7.02246068511054,6.158950817573537,3.9428667949217324,8.7488322972443
7.677764222068204,0.9058033131499499,8.827227124614126,8.246921278777915,1.2425131804166811
5.83672013915002,1.8717029757152304,6.593817623161261,6.054661631312351,1.2229561092481755
5.4877320925780655,0.4529310797100139,9.556235602183401,0.4016599290241396,3.126751285906746
3.6214199672617964,8.810684267941243,3.226277017519781,4.430640509725751,1.925089972439472
2.345786285194956,2.0606625624166472,7.6547296365064685,2.357259199348405,2.596510705654013
3.9680515581862297,8.078485076195216,5.0324767123988465,0.5368111856748492,9.962757229368362
1.4214460112672322,5.219482499809916,2.1544158199034493,1.038568539976793,6.43262846131222
5.863045433268546,8.859822339779353,4.587305172235906,7.150464083373286,2.5253968052072318
0.9343693527995667,9.806838641208257,4.6781602651025045,3.665526941505668,9.79753173974947
5.550644899400854,8.426575515791827,9.951216910851187,5.115761308235589,3.8427311321651714
3.406057629186888,9.80461271415175,3.901446413975176,4.152018497433473,3.4664537493649696
1.5988703703374352,5.571735076379745,1.229814357258665,4.169083716412807,7.6108611996107935
0.5695927975065829,7.618619621054288,2.7905772996415523,6.5196618892506635,6.833379325047991
3.5717511147451053,0.4706801672457528,7.9081501274534025,0.4934991241412501,9.178178080747783
8.614504540277618,6.7023130281618055,9.631734160708257,2.5749569376427472,8.63529062042446
5.806371657061588,4.594057474677195,7.255799487221227,9.371538667152212,4.1999443337762346
9.5146071594116,3.1806207534781006,9.67355943288316,5.903823177568955,2.803370928639657
1.2076264808204573,0.5411506929635823,5.412376977362757,6.5815970195247075,0.5774488112499176
2.178162950500754,3.9879125913083224,2.02341799072266,2.3961825712784934,3.029471562059527
5.320555763356285,0.986684437170976,9.611148737715657,9.848721516074036,8.326038481524517
2.3448973015684347,1.6060442129126262,6.756755612297295,9.19963904905347,1.3814365457147326
1.2065035346896946,7.0547846003677,7.9017903742275895,9.030979020810202,5.131161761499008
7.957006973160303,5.548997033821465,6.778079212905185,5.568513947786425,4.799883778818036
1.562177950420851,2.482751765747998,7.004941078118847,4.309799515469366,2.217889796082951
8.587941923084765,4.148430606172501,7.748120571781056,9.789009029525518,7.399141696882381
7.628765416366915,5.19527489943985,1.1014622703240906,6.244037156885359,1.2207592047044846
3.961520894118223,3.8240496367353725,2.613248429795363,9.779310661918931,6.906073165174465
6.410827626479932,4.834817048995671,8.862186135729209,5.963927328088202,5.181206600920221
0.671103593451241,1.0086193680310784,0.581926044208354,5.31635971656287,9.573634673266204
8.697300267273882,4.298105771081156,3.224221620342159,2.124628461984587,2.630718869614893
5.826722749610287,4.173681979636086,4.583520992361626,1.5078136650780394,2.48809972622815
7.208909401634715,6.472123352179575,1.0146003986646712,8.473896348377215,5.372414872222978
4.432144294333002,9.112332531909695,7.451510983133974,4.915149233051968,8.444357190944574
1.086508255123133,4.332819989880433,8.709102430949278,2.4006908677396477,5.6043750441806015
0.23741742224899998,4.357933182881178,9.948980437074024,5.836204586272588,8.795539257841536
3.524906880818871,8.841094182119903,7.121377149387832,6.440338196694898,1.1475538018535725
0.13722568460811546,0.34847286299984237,4.847689837500068,6.5413743285978825,0.6247485478663761
2.9899769590149416,1.707477567115705,3.310742808731111,8.489279271990135,4.422483245142828
7.3425738065903134,3.296482708367967,6.603578572659272,0.19766798142725195,2.1597582386422354
0.1243610594316602,5.5671657113871165,9.06681564169061,9.729297368845312,3.7512628629632125
5.707862416284689,0.24751421515885608,5.616746461435039,1.0655235078129233,6.827729667893804
1.0756128437146384,8.924295799468924,9.745834747985743,8.73536785018866,0.43574121238946106
2.4155346505700317,4.199516227934113,7.246516043020888,9.725698227475117,7.648600473831326
1.27258100103661,5.70179500478562,6.730172915883874,6.901307420914394,3.9919022129170703
7.773284276299956,4.176350462827965,9.669737902076248,8.096245164738974,1.2681880074861362
4.586112643209309,1.1053492427120515,5.49786722865197,1.1575468288506763,0.3534380483066679
9.272753706542698,1.068777454487917,7.144727583788519,7.402148155407397,4.839260187192639
9.812729245022732,4.499316892829899,5.476150558355066,5.928390506216092,6.977371373068269
8.358150139645627,3.429588209519486,4.2100124946415605,0.6213714431101014,3.3873056979446883
1.586562590036894,1.6672308355520238,2.708306207469432,9.652532214461543,0.3394128070067659
0.7784023498681536,3.9054475552882106,4.643511920233787,8.242055232871524,4.518482612372484
0.1978710140047779,5.98287478398181,4.020838056152586,6.531766597606228,4.3499590429178605
1.0442995446688297,6.485502766149846,5.381887510609717,9.55994895808833,7.6940940392990775
5.1285505663957265,6.55596803220425,6.7357832171470955,3.0305484655366275,7.363625931370313
9.960828546342842,8.02601649248266,2.044013815645812,8.381190609584435,7.131960603281815
3.3797786699617838,4.701182622719079,6.500577374759478,1.7625388320256052,2.2089858936562123
3.029236837793172,6.799148807479442,4.165111743766675,3.660637949969897,0.4492880669257371
9.651061743988278,8.652709224544834,9.639070729112921,2.4707096783095883,4.3784274024252925
3.6897354526769632,6.134779134165581,6.277765141194461,6.305274816815386,2.2870648375453637
0.9823473224352441,7.339289054043512,9.908141856748912,6.464469181166556,9.089088862849907
0.8832827008017763,3.628070347879585,0.6427728815384071,0.6970902763026721,5.3046646510820725
0.9271046274394268,8.815621587785376,9.425338347927134,0.05242995237551784,6.094706160788529
8.863424468838975,4.458217138251657,5.625312831070435,2.439320820882709,7.779160146683006
4.460190865288913,6.022343496002892,7.200590122086689,0.7324212816822084,0.6735034258443595
9.214122110592285,0.34483651195695963,1.797756451417809,5.024765327889828,2.692073708574113
7.897185785977835,5.297360686649869,9.01765635146096,3.2709241702547933,2.9598354130888795
6.474106544900158,6.876825044239444,9.36360658942843,1.6661922771023108,4.18815086031397
3.668625323571495,9.418129324179887,3.0395509992986214,6.158533215021029,9.380921170152252
2.377644954738286,4.306220085315062,7.072649313446954,7.421544238160845,7.779377103414977
8.748673426626416,5.7250426663454865,5.425558651510136,6.958248000446236,6.610833496010295
8.001704681498166,4.355707688423214,4.663334999204936,5.280903273463064,7.786602466551322
4.855249826901634,9.717617196036407,9.718231655985397,2.105713352436233,8.176024891648954
4.915713424552716,5.874630492711716,4.9906768193797735,3.8314874117196753,3.341311899975412
3.672510754829321,1.8668322587084074,9.847772030182,4.727656883597831,3.99549275941798
6.580686650082148,6.518631957457154,7.061375879452639,8.614408852728463,2.4572572368544607
1.6213129150729633,9.790081530921455,7.317057102104643,6.783110791295789,5.294833568506071
5.761191584062457,3.783226570685365,7.983963712554603,1.4600595948988848,2.3678980516499526
2.16911648384185,8.548332634180213,8.666257198607946,7.047170030988025,2.8436668572198167
9.198805183143378,3.5242197018162393,0.2656331320622707,2.878862804172686,1.6311533583854343
5.663695607169918,1.9382176648875504,0.3043470341953858,2.3763194787198296,3.187059488568864
0.025602907758940363,3.6991429738008605,1.525038197566042,8.06395569029155,5.4613304488148735
5.6758101839206585,3.5571226436875003,1.2095750620201096,0.6686892925037691,0.6892947872283972
2.2968835692080845,0.6477950214821315,3.141267573553442,2.2344814585634687,6.523060974584171
1.589952519212141,7.2460092567989545,1.92103292034696,2.496583010541821,6.148735822264156
8.983338653583303,8.245671226506508,2.0864678297055805,0.0596742096155789,7.671710448184969
6.959100756153884,9.423663294089875,9.496144951335143,9.148966267611502,2.2403281460328572
7.655164314067841,6.683847386733518,0.49202137059937257,5.757439827516595,4.531627524240836
2.9153258520719882,3.593030007831172,4.144176499874565,9.54540057811485,8.792310669476608
9.683913994811066,4.944273495936936,2.3856366328796588,9.434678963749922,6.557208758246146
0.15404977294168454,0.8970782091935814,4.32324419488305,0.8615497638153546,4.4386037386636215
9.578144427294914,2.0225035654764323,5.5152706167065055,5.253921956234687,3.0889963752822425
8.397227132382957,5.1822377421011225,1.1302621076206498,1.5196495177222125,2.2530376330163406
0.8083319410445422,7.417091462661999,9.363938269949113,1.5565833623149905,1.4512482307131536
1.6539189464511195,4.215925980955488,6.04727928640992,8.336132314704033,8.417893728136109
4.9875841416325795,1.3351367904755285,5.41354394812458,8.926282177918544,1.8256998794191415
3.1461601465437483,5.506868772956331,1.9777282550322572,0.7673171969388848,5.8851195723413365
3.1658809856711354,5.426050438481757,9.110953383037655,5.115088128162306,8.475261152568281
1.893364972018594,6.828439171422735,7.113511322153672,3.172694325130958,0.45694737615823655
1.7188272888410339,1.8978093415158237,1.1397966849885488,6.135736037388325,8.61435838145223
0.9120807928709296,0.3990751809475457,4.8081857064207,0.5576467911314698,2.812866113692346
0.7380361292005355,4.448577419674436,1.396896918151579,5.566416623610237,5.428534165853566
8.551059225944647,1.7518316206314921,8.659061530138294,7.983649864994133,0.5303076894603009
9.620616702339811,9.78124456412266,4.616879610962222,1.1184333609114583,8.842546835115938
2.3213197931161957,7.164602885271417,7.1848080096097835,0.06297045404158097,9.758873558318935
4.472662853767243,8.27045024241857,6.541707212005622,1.2110343450940964,3.1966192021174566
2.4319617438805374,6.305161162824024,6.281548010424337,2.755042021451378,8.413898597715889
4.100859991876944,9.324146355822307,4.725827758040736,7.972377069275156,6.944624540397547
4.192968177025773,9.379338617636794,6.465650824248429,1.9822864087509906,2.3843593035411614
0.7659859830424021,8.119888492584485,3.1753016967060868,9.541982786091014,2.9895484651147433
2.1996618772020127,2.2828974543651412,0.6737388705722336,6.1003577587167275,5.059813181778678
0.17143953891197272,0.8101559458126295,9.98043027280436,9.177788603433415,3.034391783939024
8.971499421574475,4.898066357607326,4.780888153165785,1.1620167009691296,3.1458973306278426
6.988782630784706,2.233423960721672,0.6557579024728222,0.991676863600468,2.4526968141300287
3.514557710219437,6.213372487967334,2.2836207050767463,6.352028468463988,4.182582964673646
7.928445013272116,4.51934087792737,3.514139930717055,0.02544055705802073,5.803996259524638
6.224967349465919,4.1255010358262005,3.8344655062129176,3.8920320053680246,5.37499038738207
0.44423207461816827,2.3719784818111336,8.655432177960304,4.752748246453603,7.1395471778411626
2.9084941978922476,6.037491787543827,5.830206111929892,2.745083317564677,6.004351796214486
8.512164464018493,7.792722202775073,5.298995776995243,7.463177197884115,0.7148057101624683
2.3528087233615915,0.011724136642050631,0.7093173726995938,5.919929623876261,6.84978106923598
3.758290984855738,1.252724214901213,6.399359700741755,0.2707716473195554,3.5624915220322673
3.51518676470059,3.66137917720907,2.4442040268557843,5.316730630439097,5.746229482144134
2.1786574044176255,3.3683632996862336,4.549868772489606,2.9475411186199176,9.857725774159714
3.073949585451018,7.008261157917759,1.8983525973397497,3.4518236502632416,8.739991461652059
6.7909217289017665,0.5533161303758549,0.9097776023842286,2.5861574459331935,9.441135824161092
2.060203075383452,8.945582462556217,6.98163874906413,1.7862207353820359,6.511784660415287
3.2378773746089182,8.399508834115881,6.196466142210238,7.56640282196274,3.7624221888848384
0.21692000761674768,1.1341768352870718,5.139885126908876,0.2826844742836032,9.4716936336609
8.686423785275114,2.164227987822329,9.853326797445295,7.081513070906863,6.334640090924158
7.325895776661792,5.824964397946135,8.002367008716082,1.065999865153091,2.6423507409463065
1.9449118823101508,5.201813068820796,7.8756966036910985,8.382170489729381,4.963949558859132
1.350480522374854,0.053325801114701976,6.506315347603885,8.321572813798456,5.9703681103868504
9.539637546627013,0.28905257481149027,0.9550886494926336,0.024989932284997796,9.647131472236708
3.18482547686307,2.850833763791345,5.999587862740348,4.843366463444804,7.873682718493399
5.654426155001334,4.336561859995708,9.623667429971572,3.4246928978363678,4.072355612670517
6.8561603247168454,7.356299717541689,2.6310178743315027,0.2782085365731124,0.9893168131186103
6.431715098638218,4.79294365312689,3.1442461019201984,6.3747564535958645,7.535440660684283
3.253754825532277,6.051472444866349,4.642926607399197,2.1845552338759955,6.817137931642821
0.9553848660339714,7.503725689999767,3.1276654571136797,1.1453402153793635,4.527420776442456
2.5754808752305514,4.827452878348399,6.827511680105868,4.973881584193343,6.103047877757443
4.501816193495439,7.1297226886542,0.8378293017562621,4.509415776543941,3.8700753542113775
4.608421318760268,5.015511946581915,0.7885837166637855,4.203817728084271,8.653853135665043
0.4487809491563033,5.84645612511086,2.5697396316932677,8.890494360281336,4.8838921084396425
1.803599335880971,0.9183511904384789,3.516394239136018,5.5028135226095305,0.6234827748643423
7.371351187373688,8.719943091559895,8.640541085677313,5.378067173837896,8.336973756295922
6.555303320477995,4.921502412142834,7.802357099549148,9.380302425833909,8.350786786785683
5.8427800790410505,6.8661401774578135,9.064320680648002,1.5861287789756207,7.982235262652344
7.899931910734278,4.512693961978033,7.341121883253246,7.138782517905287,4.942136081193481
9.419391658651271,4.412998062028921,0.9876913578883295,8.132164087647151,4.417907436924833
0.2754193739440669,2.4207407900345634,7.943297749474773,1.7500581061655685,2.50304185784017
7.066745498119522,7.506866212485482,2.5958545736237726,2.6391533059266683,6.712975221632927
1.6504696933013863,5.236815361719499,1.1857508074347756,0.9594563485333751,7.157708940499563
8.369530864954026,4.16723355767256,8.082103187151477,4.508604908784141,7.714316989435553
7.726480844230268,1.6711180788107793,0.7815683200572865,6.966035500646093,5.266273990240801
6.329086460115533,9.197484270036224,2.399935377119152,1.8330089344239797,0.18082416862759798
3.504826239049744,0.2157688945679781,0.04308560953831475,5.9862260102621745,3.6588087877352384
4.14133341435406,2.0000411989331734,9.698781237687523,4.619159196713328,9.24954896897815
2.7652516947620875,0.3192615366793383,0.8543762608544136,8.808223242544226,1.265218295250532
7.467367881585507,0.022515948786304696,1.1014827129231197,8.016023710784818,3.641151946663067
8.793557100356317,3.6270739111364914,9.601148423123464,8.655277771747189,8.453528364078283
3.195405298483643,1.4209924637512406,7.331922749147202,3.7580893288273787,0.6504580517865033
1.5398232982718663,8.927577836644684,0.7490939759334458,3.3390732359387885,5.606491427648348
7.658847447738427,6.624878154638835,7.880823223493405,7.644169087690518,6.43980045258563
1.7586216113429909,9.594060436239825,4.937032080110888,9.930906777724891,0.8792487536320304
8.167229153773452,3.8870856896754677,3.869082897906738,4.342436160392862,4.5094146056481845
9.75105656296358,1.5208344409720576,8.53002526586978,2.7998694927559784,5.225413088406875
6.467437576424425,6.4474664138832205,4.4426475406435095,3.2071686994985313,1.6178921710744243
6.969361523408483,3.1075125106492987,4.52960900700703,3.523873127029633,5.553172827546628
8.23611027521818,3.346875679103115,8.506563909200084,4.343154909728865,8.360238458792024
5.147777982864335,7.493532492472424,8.537053749184345,9.40073605883425,2.4161486863224813
3.172830817770188,5.96321106879405,1.3964696647202235,5.482244427132973,1.385970748316523
6.323648506616271,0.09850570882937171,0.7246775865304089,6.848980146885999,8.94670084071588
9.675677337587786,8.294500142810774,7.490142191322753,5.038199920452469,2.127190053896828
8.287694790431772,6.677426020560873,7.730839883619273,0.7043732477120224,7.811592248006026
4.1537713243417045,0.7419991118250835,7.221500953353779,0.027564840302873872,9.580385383753697
2.3616565514186005,4.301960230056174,8.108385066681914,2.3550232444564676,9.668309500327611
9.231691173641867,8.99700225234098,8.872369180731743,5.301853756947476,1.4333309945025485
2.218558788893912,0.7434938336899466,3.585300434355517,4.731422609063452,5.109739827288581
1.5482642183150852,1.7072427353834785,6.061335111255629,7.544655319808813,2.322396545415988
9.452208436818653,1.698947941571478,7.938667392367906,6.626934597953976,9.398113615280817
1.643382629553125,3.108351254512919,8.906914739861222,5.36918261987516,0.43816167812659956
6.691143365763287,8.292890527707964,5.100204506383702,4.967654177769594,6.738338559583164
7.39683573395995,7.454280735135433,5.834840842205539,4.150818752196113,7.083973892719432
0.10497017726061375,3.195519006718307,6.61561020651687,9.165376167572905,1.9371770252657627
8.166291975071553,4.709170017640489,4.113510635729973,7.522313702676189,7.6526398815083985
9.186172732127032,4.685752812772012,0.4868028336559427,0.6662778733741537,5.451572702637387
1.8485906661340212,0.0069743738837591,1.1094143902652154,2.726658867298357,0.13752245647919215
6.11111938566015,1.8230904357893818,9.731382516885974,9.244764392488689,2.313768012589751
1.5440159308831414,1.1509249194122573,8.661849732939228,2.085914274122913,5.217234511875538
0.5432044243898204,7.768365378914602,3.4330950959217743,1.1072680810904068,0.1165783986447122
4.25324728901868,2.170231597911978,3.612686987288937,2.5223615083319126,5.604937403746301
2.245912719278981,2.8211204191338943,8.083124637684827,8.310163203241022,5.0397911139776985
5.680382363385467,4.72377639140411,5.307986598345313,7.49069476310474,3.907901167700305
1.5849723654442238,5.988514486406852,4.147724703445995,1.9865297367321832,7.044329066329938
9.05894038063186,4.581234771869357,3.8015152471533744,4.2393212268359886,6.122669699684008
3.1849377235584475,5.392276908637773,6.909160030916412,6.871722740404865,5.582905008274971
2.3205298986144482,8.363215837663654,9.124753381667375,8.961696238893408,9.215861867254251
3.757904415106749,8.691763426380897,7.649094655176527,1.1108451059055258,9.108982292226376
4.513773452129163,7.70364617398123,1.4301953280219215,8.22469187401748,3.8164709279533238
8.261920796438302,4.328498625208244,5.5279229927930675,9.104015402770878,2.3321099459436256
5.985944642948295,3.9544568130883295,2.160982855119453,4.7261414673931466,7.441981045893671
1.0614323302994133,5.214756776453101,2.113417838584264,7.380256583514116,1.5645650185233373
3.3009868408025165,2.187440801342956,2.317729248857675,8.173853938134844,3.3084899215784014
2.1279816303042387,0.47224512741525615,1.8949899171697826,6.718758572225765,6.581307559802209
5.918496464451718,7.444395373497437,0.3994898609475084,6.033888366693017,9.939096444475746
5.366646147438727,8.490990884353213,5.984098433766571,7.86848714557661,3.6366122427258163
1.1893988647925569,7.254364006971855,0.3844606198071143,6.726220605132383,7.493796252378341
2.805473224594918,3.7634656980971504,9.455223223262347,2.4053094918054176,0.04725280747924665
2.0457691229509125,7.0284570132248225,3.060481544955768,2.936073323478591,6.698006595544646
0.5183672454794608,5.5394704764057545,2.3332804773792724,8.457444333696518,1.3679379107989564
0.513041000071145,5.369159586615318,0.7544004805995885,0.5893732345527614,9.44420414982295
0.6125107159056675,7.310599052140391,4.569305983643344,9.50818153249091,2.9399054158573854
1.7178416423761056,3.9630861120961205,6.932785991994001,3.231612765939189,3.6119061398582533
1.6778830641933495,6.738613423116658,6.644133386043201,8.270872862318765,7.0451222842825505
3.5904575721903917,6.871969698568056,8.621526500439629,0.35497170829585145,3.5525866194140097
4.660972896044883,5.631014095029504,0.05055973308766504,2.2119774492040456,0.32078686880172236
5.386046378883439,9.292755321682469,1.750861634181755,7.233097594707031,1.272307460961004
8.810788328196068,7.221009180172531,2.5706523389515645,8.887315643102951,8.209579012290812
0.5017808613196229,6.030652220321398,3.630175342940374,3.9276882972397207,0.7659873962484165
8.095012101612593,5.9613187748733605,0.8464208203626711,6.367735268907859,2.9824085039118953
2.3083583806599783,4.270697586830514,9.252647051932316,3.1777211836677455,5.362994953486055
2.102243473323455,0.9891824013186312,6.747402490502331,7.286625913143761,5.290622624009456
0.31896759044250156,3.566049511178554,3.428159043393576,1.8714534571336328,1.2236298494248854
1.8337744144805013,2.6177825425780235,1.0035060804205265,7.737903274817653,1.712753325132611
2.9010742110239587,7.973429762139369,2.7457579774650442,2.187698753832473,1.3600078896750434
4.186699415006972,1.3860509767248586,0.2282649145333726,8.848129885482974,4.112088319114214
6.085181298439336,9.906493275021429,2.6813331762224335,3.899008996476556,5.965569678283682
2.1036538125146818,2.914917107034242,6.872926728490782,2.1434522732909156,3.0417901410989456
5.080825267026934,9.799391828184065,5.107633614049002,4.545801732037901,6.421590569193782
8.779773565372478,4.346112126228366,4.07039040139641,1.5971712461813647,2.5106725111604056
6.2941879893127926,9.561957633304273,3.5815937513160057,7.418792194511051,9.738743279991743
1.5675005898523353,5.802243235644925,2.4526465507647877,7.684184340059278,6.273072168271339
9.793430025929267,8.141951161234005,1.979254145145115,5.375800125612274,2.846292324135331
9.297113897081775,7.406253583611155,8.495667649748167,5.188397297822396,6.259795558626435
8.299969538941259,1.9783930624549273,1.0393902400560784,1.7296989688549091,4.071877194074687
2.3453866100941645,4.039707008384634,5.671367133945714,4.382442235415577,5.233131541092484
5.382568954510304,2.449668357455578,5.544248231033135,1.3752536782520752,8.432051755058044
7.387800443061606,4.379231306310386,5.148133316807396,8.228870834166129,9.202922480793736
6.8629350368046,3.545599156116912,8.146556498239267,2.8643684919466486,4.893092725540679
0.4934440125720507,2.248658548349194,5.621758748806035,3.617835381640414,6.9834286908791015
3.758654019698897,8.04256526553305,9.202832049777701,8.074263980723748,6.421274502134437
1.61416727552548,2.677462869645356,9.896554684902696,4.935677296697981,3.078315048622792
7.192200072062818,5.25992455446146,9.313148481046653,7.133027760548197,2.4090434985080034
8.618659127065598,8.411890258507622,1.3729932009103551,2.791204216897949,2.5260990550253446
5.381144774195441,9.920671952731478,9.921721195865679,2.823472198582916,9.53713279550589
1.343782254530107,3.288627624213376,0.4984377015655339,7.8370211591499555,7.6366774442761995
4.349473879357056,2.3912235232140477,5.914054160055474,4.964303862155307,4.389730613794278
4.155779864516593,7.320621434756253,6.938619633149533,6.603934076819588,8.727840560873405
8.258870926000439,2.7616885380953473,7.041276212162834,3.109461152749202,5.729647895820252
7.663477763143397,4.9124851837281724,4.524613709460855,8.37875664653809,3.92077571157515
3.038975585053456,2.8169029324104433,8.233225086992636,4.275233238513293,6.770341362320039
4.648912631328744,9.78387384439217,1.1650037068800811,7.903554564696612,8.466911044701792
6.270556672585462,5.204930637396217,4.9783343693300655,4.23785050264329,1.875685327511687
6.5602353045048005,8.575600007920722,8.988038708630535,0.3270416037287882,4.498703473662537
8.171204223026704,7.96112815721626,9.690325978760994,5.716838686108757,0.6977942030460471
9.203097288296458,3.214837856613734,3.1476030381887066,4.561324191629375,0.6048921763536652
1.7889403090480316,8.464045007972846,0.8408917011805117,7.841451707674947,1.1191994985577436
3.2560150273843913,7.344186280946323,8.026320691329692,5.015020900729912,0.6006914570078936
1.4978351594486683,9.051319256420863,5.392646835362064,5.095576410638881,5.165572292595328
0.34886918007155265,8.9034461515849,2.2061566813498326,4.135169829971971,8.077523830528518
0.1606011229234261,1.2687160351226667,3.7191999062469083,5.454185183921547,6.087814939193416
8.208650215452147,9.894957046889079,8.777357878788832,5.734220764391945,5.326602944976039
4.502233663368455,2.4251491584667875,1.049520205865332,5.085070372468776,2.269412252933578
3.13850282217306,9.146375028768066,5.213903010944803,0.3159566195095098,5.874256450633284
9.864730904183391,9.023951299013026,9.505621216714,9.5013029026025,4.338810959151993
0.8622330586608595,9.56251191027635,4.053967377645834,8.24449392256248,4.45027380529252
5.309998529189304,6.215576911153481,7.352341136428037,2.898713623003777,4.620782930802784
5.006673646281766,5.914767142544676,1.987225640868323,7.100967632806318,0.7828602261921602
4.886079605446355,5.81178386609027,6.5190069142161,0.8067140416714014,6.805002512275146
5.289336370103303,5.698054705970459,3.19317105616706,6.76928053201851,6.938955589439738
1.6547012139275274,8.77794435529752,8.982317626163537,5.419530648612364,4.40447472677127
1.1877585416080927,7.709902995059839,7.193924278948418,2.6706939279684416,4.484811900186736
3.80510522922434,5.86214552667756,0.41028412759987587,1.4580752291932164,2.887247738797737
9.300174192845532,3.8744456816934503,8.76476177674188,6.98868160203854,9.217476052835893
5.368713018321307,1.7730704826588461,3.4211416271379527,6.147017193401107,4.0335232613757
1.6997817569789508,2.997547759539109,5.685306928572182,1.6288612762652632,1.2299239244357763
4.3876001655676555,6.23257712643095,8.957555070646517,4.629281811839284,2.3505214607867266
6.279370742626762,6.965539638640287,6.217395854386983,0.4002728554206558,9.378797412774599
3.934624618229219,3.003362349133144,7.7737265828765425,6.151870092162132,9.330612439401582
0.8599709386250975,1.311474828522774,7.890589067845949,8.733195616462464,1.1721773321260887
3.596382447745813,5.569807965713417,8.306177008685113,3.1392029315813295,1.3317241862547302
3.7506217896596903,1.614892346791169,1.4032709339345428,2.6734870240464303,2.3042749464617405
8.460316955677918,5.738024469076233,8.111357691187525,5.494734552866457,1.6497825847362513
3.6609005160850905,1.1746798212923037,9.389139558524317,8.57184140396145,1.0760728252053875
1.1927347489499363,7.800655434848805,4.452824133234694,3.9478635797770356,6.98376907482424
9.313857964995307,7.1403970678106985,7.608817110453733,3.990848981654549,9.152110991718178
6.106178629705914,8.734442629938183,1.83298343587728,1.511150627575466,5.009627426900231
1.7267766768524406,2.6121121518954626,5.202341376927012,0.09970573900995872,4.343571052474832
1.914200046429717,8.070181886622308,4.734809262332559,2.814138986477798,6.610070466337129
6.645783886832332,1.453403233262357,4.6806204504256765,9.334491798485287,0.2984630652022613
3.5629201538007713,9.991418254136684,2.113008732193866,2.9479864382021503,2.989106786547877
9.689268217643304,9.465841386415203,6.78173350371583,2.0323613836164967,0.3694607331975108
5.119913298520763,6.177648088146803,8.086539720065614,7.032534006561423,2.9980449191464364
7.402851189178684,2.511568065386476,2.234754620090187,4.995781760412463,1.2259794832279025
6.0590658694467905,5.262165338834515,1.5071674411999902,4.876495606234501,3.752915483916608
5.718297705864134,2.6616103346444566,6.105447932738809,8.667757087657273,6.6438818902737005
8.85458510778671,1.9681934434047454,4.572127321073667,2.025918371634666,5.324844069608372
0.06748468042617861,1.6384583038933265,4.525413114201932,6.471900317087914,0.6041753389082871
4.889494933532611,2.154977095631775,5.245980300753476,8.213950764939833,1.1913838657525
7.657016436926638,2.8310106816800005,3.991519794119862,8.026508521083294,8.908738377170929
9.522913108649652,0.0044350744622756455,7.3025046541029255,7.77735811035626,0.1473816309197029
0.1703994057010405,9.309326703469713,7.7508446045925,6.741459178133979,6.451004702245715
5.480525593720728,6.7671005501737245,1.289160554855524,2.550237852962921,0.029313622261782912
5.4073848647934675,8.977129488831801,0.7054335004187895,6.424835725006441,3.724349404967373
3.9589317461599483,9.31962902186733,2.7348602193965688,2.362024097619045,9.66472222110441
8.698859102228772,2.021112898411407,0.8253267268473807,6.066545529559298,2.088735768950923
8.868387368815874,0.9193904029278355,4.986584105799045,8.146954706527938,6.277424212388918
3.677747940805328,6.185848392441087,6.466301471012135,2.7528738924084495,6.37690791681202
5.930489581260995,3.8202937441443474,6.998999372447683,4.642805334456167,3.662487746665982
5.7114046070242,9.902033546247562,8.425911555195517,4.816461722074196,7.9175453494066685
6.299526842853963,2.4114447190852415,3.978740222804454,6.053457823336144,3.2304991135674532
7.008172121548504,1.771075159503691,3.677595675559524,6.298744992513139,7.73401549155216
7.08408320819439,7.344708151573257,3.383213526782489,3.0289067492175747,1.3943991517082188
9.233824031679529,1.5645697632872846,4.545812537146466,1.6771430271081034,4.3407547737357985
5.948127743663777,9.454632774808024,7.281088739028233,1.1104047499701863,3.4754454218973816
9.288748194628447,4.537152353895815,7.161904315180216,0.18396031206033836,7.6919584095671825
9.4842551763246,3.0384016977142414,5.938577960473239,5.374211664455995,3.7173668061632936
6.179792673577255,7.6045628876140885,2.420393820512301,1.8831370360196975,6.810877357940937
7.551428684268471,4.015240767262858,0.09210982250940525,7.07332258922282,3.2712777664296255
0.8428284907500305,0.5326038768481456,3.4333797497559084,0.7690632636522143,9.736559210418003
5.655516804693064,0.42448246504959375,1.6877760573482037,6.674685551062672,8.00502193036629
0.2217277862660494,7.3534281966685455,3.1069819397724197,9.572003127476897,6.203622121389941
7.046209461960601,1.7927113509795922,6.020171751230778,3.1103898614303285,6.1538196948870825
1.732098950287022,9.696045955948138,5.39203609120834,6.894096819435184,8.129221553713501
5.2861498381480665,4.411424816925434,1.2624610029776584,3.7027801512654945,9.450421005346847
8.972240175223188,5.247243077570406,8.32325875482735,3.793362085663329,6.61476243203836
9.815191360608623,2.680393770482239,6.646540532426841,6.304739200513648,8.740589581580602
8.082127585230616,6.882390322052887,8.23706038729945,2.1791647095779276,4.627420202825699
7.903342833765947,3.2791705415038974,5.496723182318512,0.6730856630681681,8.736630163925048
8.625302777312644,7.118264424098132,3.0974996862354387,3.783662868919518,5.115433962710466
6.967482205683324,7.594220444931975,0.34553231481704083,4.893745072209442,6.425579264419272
3.70401400007047,8.131976095968469,0.4258166044490641,2.171563716968593,0.2425405976491235
7.436258281076813,0.6915610421548268,9.608372891355062,5.412923748327967,2.556815414117175
7.703279795105429,7.240373938101781,1.4217060098622225,1.2598015696593423,6.719698346635687
9.450912159876783,7.078818540800681,7.713148886716486,8.837213434018366,9.710954415851297
5.55601197608194,1.554515918995627,1.993880482299848,4.816556332808086,0.6752221617096821
5.22778592485638,0.15477286472175833,6.286894905215348,7.6825862769048205,9.605113368319211
4.1508167163987055,0.6693027951983899,1.479607823611836,5.472153472726941,4.6900537380683724
8.25909260054939,6.249210985209234,6.105039594285595,7.850580859176908,0.6425309828876746
6.245543070802311,2.7931102005624053,2.94290209188651,1.051326944184361,1.4975114827342084
0.3915935109929669,5.011504964420382,3.831173869000918,5.154295597338056,5.347925815751896
9.836421909063036,3.5908043867230943,5.445892117594045,6.3788823926754645,9.784916355592912
2.5354599577783254,2.668174802503761,3.0666868482186658,9.063962420519925,7.148688127846144
0.7063214679126684,3.9392093683326435,5.340889544648677,2.952246989640522,5.5345817905946015
9.341243985951161,4.022303647141752,9.1868119543993,9.40060516216295,2.7915916313695934
2.8510326193630355,3.9249593444854436,5.85253905114333,1.7182329645034056,3.179745157920586
7.444193702077503,0.8825438673156261,5.092338064394653,9.888791485573789,4.990392110972581
1.0505355268914895,7.167755435176693,9.735574945511779,4.8653623715221475,7.438493399623548
2.3130300305404816,5.8907293068212585,8.517051547049725,3.9341433164637762,2.4539365772658215
8.959889863953341,4.278936762554235,8.19959102788264,2.4218181197592847,9.770233232109753
4.007742769993666,2.656467939351997,7.676636633207758,4.467706513628306,9.955484885410913
6.572718130244622,3.7789894638236876,1.4608703471061568,5.502261918805784,7.504588533681145
9.287902259478509,3.4408379201191277,4.716084916946431,8.028318916235838,2.070149541752838
8.082584690769117,1.2823078387511189,3.425516520479878,1.7481682778009555,2.098406588496051
6.824275534892479,4.37763270785093,4.293074437952579,1.6344006112050313,7.44233931188555
0.7546408174467967,8.79161021384917,9.162141798597839,5.312187433929411,6.330887525721161
9.814305422652028,2.9566479336245512,7.8802386545964005,4.01560403173761,1.4456275784338612
4.135307582271965,9.772620520385086,8.792478374205054,2.8247032492322677,8.397910247211462
5.433463989231969,0.7121123915686733,9.354619128856664,1.5046656601130481,2.914967663778658
9.170063029694354,9.966289514940295,8.61986205773483,9.772311225395553,5.60283667917279
5.6748793786595435,5.596181806048466,0.9402161513393481,1.637727914551198,5.793847608710544
9.857037914551835,8.80999983596029,1.1728149905164198,3.707261973089908,0.9290881947831198
4.462679976515793,3.147467392538931,0.2397901431294136,8.884107917697627,6.9436876943131844
3.48378670593715,2.911098439636083,3.058890285575171,5.173658723944142,3.5094351698362445
2.4843178599177316,0.8607200215766253,3.824600550022698,7.138076477892796,6.811364401271781
1.342551425941817,0.6132497570309758,6.386353209853906,6.935585480841683,0.9259379912907351
1.7170701568134894,2.8042875708575177,1.6169180209276723,2.6789021622119256,9.07363100288588
2.241701269371176,3.645351403432894,1.958337417992213,2.8050304855202493,9.612427654435436
3.9337159881177897,6.42759467283317,9.092840211764148,1.2344594210632387,9.13238507533111
8.347474708785999,2.73785666471392,3.52088798413819,0.8767615599041478,9.08375425999138
3.579909949150746,4.274111640742095,2.7625311858967496,8.243181721717875,7.756171286703784
0.4153460056167657,7.957221331530253,3.0358541159061145,0.47807057101446504,9.971829618062113
2.1450700356376364,2.124996758809564,4.377484815334139,1.9452772998758827,8.165277792891727
1.8980110178827903,8.414540652688862,1.6719518175917614,2.7235538948254967,2.8403299034961362
9.753638654702328,0.33102928948127053,0.8132572258268245,2.4951712458780015,3.98402740825429
8.007837777935691,0.7447925883396544,8.379013586773864,1.8527997086421888,3.312850122159662
9.437993661854417,4.675975325974687,1.3205173556574579,7.800572422114763,9.099176045445533
5.005152834140093,0.16245353744996138,4.288134699241936,1.0457971344464057,1.774219724317525
2.4675697561250223,1.9327961083036038,3.615441879046044,6.302686279124674,1.9436138939896175
6.2900893980848105,0.8096085222726601,5.614650937679847,7.064692972412655,7.3114180326351494
0.5649519728597852,9.856287336818122,1.6737991908994043,9.432825291842779,5.773766496263054
9.758944722943273,1.549311070000342,1.69467006122891,9.740356432329873,6.20338526942085
7.783771049511823,1.1816867907570017,9.28334695959697,9.699452969667323,8.187566142946993
4.595621270716234,0.34150068167146275,7.42919743397659,5.973475821940294,5.503649384936493
4.446683585852895,1.876616422629268,6.817617011931451,9.328970874369137,2.363701613567758
9.020632874220238,8.788424519648622,5.395430904032593,8.39962882110185,4.7327700162194954
5.055428600654479,0.10661687499472161,8.403776075418351,2.435893252693365,4.6844520527532545
0.9963426197294489,8.748113299531717,5.466724931498284,0.7840564465265754,8.729540167122932
0.5311690747453701,6.035133263359675,4.454443425950326,4.737136497623327,6.07952489549381
9.552155590368145,2.697690472869614,0.37940987075114396,0.7701035773699871,3.420905006694288
9.022418233162183,8.918037760408055,3.560634884319133,4.903913926092544,0.0015161354751469514
2.2898295099190658,1.139363426014386,4.979036021971245,6.045725729832997,5.865793325848553
6.074467208834614,9.046043688569908,6.1885279821246995,1.9524505636099077,2.267244624909784
3.125370891729956,2.6305896774731616,3.8127865085612123,7.988258235620935,5.792283305630227
9.26707844393771,6.596795270521261,2.319344554132121,0.08298068108013146,1.6467706555436579
5.75125358421901,6.9366758090692215,4.504426364811111,1.2736551027982324,1.5437797804977016
0.9805546924008102,5.262781102666587,4.501710590400561,1.1791365669737464,6.862408785694165
6.760472413409996,4.865507484540759,6.240463668534587,1.9636237926547973,9.5526657557524
0.722344026968923,2.732792628445624,4.339171654850729,3.1364838490736533,9.811332357035319
4.5813308966921085,9.967296206182114,2.1570756286059845,1.4892091790180029,5.034396089994226
3.714487565221243,2.72850673360597,1.140666933609522,5.864261140309374,5.467286994270925
9.914726145082014,1.6696489795290692,7.380444436215195,3.805347001069924,9.853061145818698
1.2845434295672442,2.2764610444608624,1.5310058602099008,1.9526235802932879,9.972311699639606
6.3917410410622395,1.0484917276553263,6.933635195226792,7.996714020607273,3.545751770904877
3.9095887324257195,5.340506858580596,8.208763416491047,9.961948469709142,8.412268812113703
4.88058068523079,7.30670974384794,3.9718801503247447,8.184643454946372,9.726905046955409
6.578416960107768,9.304936079013867,6.70031036108525,1.0108839451561369,2.5368855847123384
1.8260656765701777,0.5603385543324635,1.3241670845300835,7.415151444896156,7.21998829266531
6.90460475157659,8.255099526568259,2.853899996100653,4.545721109614965,9.844445808883238
9.477280140020428,6.838849511747994,9.77612125853913,1.467309953210747,2.2472458321956967
3.095718644603467,8.583866973370936,6.6757044562585435,3.7602890339770347,8.12936908954658
8.195523962954004,0.41430963854696357,8.386803912315543,6.224873966761234,5.055321050587402
9.004347807133485,2.2630260741842845,6.885945934179617,9.722352119130283,9.801106474139804
1.2465736190165655,2.4968108810995937,5.491815445151826,1.669691558312466,9.19784591903463
2.675622334613048,7.721654661249304,3.635697911882633,5.201919253760239,7.205560774849253
6.148323964128199,7.79020064688917,0.730880226321502,8.229208708877465,6.244941001493381
6.6547113877121,1.3087107885462335,1.7529349438336217,3.605589301151171,9.127041576933687
0.30216562960694193,9.990511691482675,2.2335833525113657,4.7047141734549305,1.113779102374819
3.9062807946149523,5.603169628074019,1.020091787856402,1.2957923472970712,9.367582839229575
1.0393296806838381,0.5517213769658336,3.132524977147745,0.9983102990133941,6.492433118639588
9.606465663813378,0.33478727150056287,2.736555447472395,6.023333742990349,8.360956329598137
7.414091054761741,6.7773925041146965,0.5058451684428011,7.901429523203446,5.770875915782636
4.7660595046293,5.067971786002698,2.865749956707535,4.1507876945057305,7.808275586164858
8.082823175656234,4.433861498975004,5.306645124442304,8.15333135338438,7.960935180333158
4.726440120409569,2.8192302195325905,6.471429218873535,7.420383656971631,9.333276636792458
3.768684502851328,3.5606772662069197,8.191893859289426,2.3541388633176954,5.591070794533195
9.46329306594533,7.6448110573589965,8.637000701350171,2.34224920948483,4.360523003820758
7.698386573402739,1.7925701759712631,0.897126614971322,7.167541962765426,1.484206088801313
4.5321250690956525,7.441080802910726,6.67666171277428,1.7162930165695367,9.98662381112028
8.39070116927091,7.219808639667816,1.158005606274396,9.498024816272986,4.289385177501403
5.562504666719407,8.816198071965928,7.902383609880987,1.1746705518279132,7.989434327588035
9.770310572583558,3.7249244253537395,1.3250424265376948,3.995597358254744,8.802379952849346
1.202081456455446,8.101922700026613,5.004395111633647,8.68920988677709,4.184107297892027
0.5026033236581229,1.6659983391474342,0.58912011451697,4.764198867368997,1.9194622677102657
6.0546277471534005,7.127775216115012,5.435560840161422,6.305622308559485,2.544407217483482
5.703845975086778,4.706922785806698,6.29144352925138,1.0099159797241997,9.488659758993261
0.3989476615589582,2.61582688630316,2.3900019094026126,7.6947451102194915,1.6261395957619473
2.2092138617309964,9.106099920984398,1.6581710561978136,7.2154156775801805,2.02480306589784
7.600239855138005,4.329360521557469,7.336965624693272,3.6191890952030423,0.8239959096114335
0.6606191764266867,1.6844832444081381,1.0289086452202612,8.436665063699603,8.692102593052583
9.116267375347283,3.313583694932507,1.731419134568366,3.0630686975307233,1.9452714120674774
2.3149873879966187,6.716460957352285,6.656685656926001,6.892903144356909,1.972925982865682
8.88096244405951,5.433057079973409,3.68109913304464,8.16335757538832,6.542626431814274
6.3232691520972795,6.139319025305272,1.118886359492861,0.22928336276070382,3.479819894108389
0.2510324555855237,2.371183273879839,9.463913285546571,4.001083820048503,4.503387790187075
8.346838660333907,1.080000436362506,2.3340854153309087,4.07635946150514,5.110435987113964
5.32066074082345,4.250301348519498,6.5341306123637874,6.820424733095453,0.9748392490007796
9.407550626976697,4.854128522335877,1.720057519913989,4.315206613437111,4.247720106947881
8.386187805545786,9.565265930753164,1.3805195963063188,5.493097288752376,5.416638719606059
4.967130418240712,6.875679755198112,8.768806257760891,0.33133637496336577,8.121763544524944
3.4428989880020646,5.182493761320009,6.707582222124553,2.4361813639276098,1.0623379835178481
4.931258057070972,3.230313026304328,5.16673324538088,9.54869297129018,2.378334521197613
6.422431052665452,9.364060130332053,7.486532120535002,4.715695179020811,0.19992186804342893
7.665601674944929,7.657783321269473,3.4244907718149276,1.4681972494623252,6.932435744228393
0.6980470572197306,8.539100340247794,8.390847085262402,3.019028315049337,9.57760630758317
9.498060190141466,5.497605599024304,5.173053031717636,2.266237510408382,2.657737699208784
5.831962845368035,6.494970446335576,5.032554141331684,6.685912707294518,9.49314557186386
4.26285746910608,6.9466548402254755,4.248676226831992,0.18458867697835113,7.281786065728704
0.12400734491101795,0.34139135766802386,9.33060582462104,8.982167493050566,9.203561563892283
2.981478501049455,5.333484936880336,7.425788101598148,4.14877135399792,8.169619041423458
6.9279821381090665,7.593154718793072,5.394331168563027,4.334720830589153,4.50141166764893
9.858751555795148,6.779368584522711,3.684460671553844,0.6940499602891614,3.2050126036723103
7.891671502223257,5.6406523917949745,6.592659020994319,0.21310963089894552,7.571554886548498
9.468158306283408,7.028703359543669,3.156075046403698,2.730830627315761,9.376179848614639
7.07697524219669,9.478675553476343,8.653566715335701,0.05400058355211734,0.884581778476321
4.125134827954354,2.419678202754895,3.945945102663501,8.174432208267419,3.5035517233424276
8.911897888869564,8.489952507436474,6.271997733593015,8.427409185838709,7.892960649309757
7.020687525508906,4.2725809570515505,8.199893334495766,5.133726780187154,6.7103987195649495
3.8947921776497396,4.568742159120847,3.2685249823230835,0.6975766273974648,8.946508901681911
8.837256690132048,5.42280433185332,2.735824249911203,2.527990159175786,9.476833683374089
5.688690570075207,6.852462069770029,9.378338472858946,9.754174711638107,7.6368562837546285
2.076278816572964,6.687706629739651,5.559222106247765,8.927761171140764,7.9124377335217835
4.7991028074098,0.05771856196034819,8.348153744890439,6.248752338437004,3.602316925345661
2.151348749373274,8.66178923410349,8.96324776467253,4.813328082742705,6.922747990756011
6.094159112987932,3.8623737544814807,8.183406524015135,7.07996169593748,4.008534789410828
3.962746425876685,7.8328351522408095,4.586537083636051,5.01817577179584,5.760155371704442
7.625068122019011,0.5730957505133938,8.85823102752672,5.234617729213569,2.924001553461806
7.276932990461328,4.478677979958619,5.77912688432081,2.327125579800884,2.5618061136742676
1.8857801210321112,7.262584987113984,6.755225922259925,7.823570399334512,5.547983134193687
9.167748041731446,2.2430768630554985,9.263397922752887,1.8045166827413794,6.148403523236647
1.861014125113557,6.194818830894987,7.221716184294879,6.781670514608038,9.607056339802693
9.161316359835826,6.791857123963821,4.540919724518235,0.8338792074564727,6.226553059837103
6.2609732611856455,4.180957009608979,8.471604839726929,0.5134960421922108,4.6688662827124086
8.490500745327417,7.180264144522068,0.3899637220896557,9.428255078593768,0.259299887380815
1.8374057373315444,8.219242417662052,6.382258836821312,0.010064064326827937,9.06594994355128
1.1882279439030385,8.980685463939022,5.670762946474023,8.642793960087433,2.9090026972134275
9.675816037614997,7.764031744083361,8.16755066559701,7.893111300542664,2.741497867453162
9.057837336517775,8.306230019173771,8.408334859200341,0.9627662500600742,1.6854469155276164
1.673756158208447,0.011017831765385289,1.5205718538963242,1.5496132833532517,0.13433235824289125
2.0303843834413327,9.193203332685046,9.474566325111024,5.76109507771357,2.0269301287976758
7.338987244049505,3.913326687290258,8.563324384417024,5.096084590422607,1.655891086660577
2.5701737376544784,3.589634512397748,0.43642466650015255,3.1238679254837622,4.988517380043617
2.759159094992741,3.394926276442578,3.2779771539383615,0.4226715892630839,9.253659010626638
5.839064589334867,7.822973547171829,1.5622585614918205,5.843606694473985,5.637012930333204
9.657343450507037,0.4995141272420267,6.220945594029207,8.760742984091381,4.403997923302332
5.196274914044558,1.330980630991765,4.604247149482785,9.908102592851408,4.49401675151649
6.557957501024925,1.5463613591162384,8.17880595355002,6.46924442359416,7.48211836541285
7.1675645405869925,6.038866411799014,2.2723905530940147,4.174679501583163,8.224446473900391
7.198358238195633,2.4041740702483585,7.950292171152827,8.396057156442518,9.717675117407051
0.8967921262106449,4.786711979295734,3.7272950973631467,5.649529807761332,6.662849624041671
7.743197051475972,2.925259795479449,8.169900258742583,2.434223695121942,9.983456138777425
9.539461419989443,9.028958240754548,1.3578833139939772,9.369978032821496,8.136006460427913
6.158133468852093,1.6592696237868032,9.865633697373408,0.8570787942716906,1.298878422324835
7.233358535492337,1.5658798026030085,1.1918837521943204,0.7041958475741683,1.0900236702474875
3.7160780219592358,7.790846465511412,4.053658273245321,6.8577274652186,2.5017557144839575
2.06279721987367,8.888006062082825,8.952348433705389,4.882492527888074,2.411082630347936
9.654675414919133,8.097742026323845,2.8407737425121784,2.4779682849350593,8.75472448671606
9.153567276945784,1.5739176764978102,5.576938660615273,1.3068374544049954,5.782263996731718
4.798947365133131,5.256272206515443,2.559422423373956,6.930786209175009,6.8450023150186325
7.021888659999702,8.666558232177803,2.6436591652073824,7.389175864051113,4.9618244177912985
5.221960221247802,4.001796537210697,2.6634387265096127,3.9444209506081407,8.528117223446337
7.350882236368747,3.62601464909984,2.5532676956203404,9.062121348885547,7.741554822175292
1.9036536459777098,2.2125829192910995,5.8606648653360285,7.369293402885845,3.821461029050297
6.512600761525037,2.8301281429331357,5.750257611862989,8.75699775648836,6.229283721379866
0.6190949347331565,1.9640280442580171,0.4254933977485842,3.8422374361297997,8.72327700174446
9.397171140096745,4.8917000575839396,2.168853827242796,3.3851291637570027,3.524312368958391
9.743418767459648,5.033127056760913,1.7817847191292113,0.6204780438677848,3.514364075526858
5.2958358865112976,1.3134629073660908,6.2869271700697125,2.463103532897659,1.5644189171926448
3.846120443613672,9.327618976834112,3.948448456769401,4.703453401562897,9.935578207769353
0.166930217459077,1.4222002510418619,6.481991317630787,9.345471449157555,1.5626864637978943
5.737957056528171,3.0438247235249727,0.8788292361291616,5.107760907543122,6.80660448660178
2.6534873396485903,8.394649223657806,8.080204881659288,7.524629000079502,8.877622294929521
