,Unnamed: 0,unique_trajectory_id,condition,VPCode,landmark_rotation,respx,respz,targetx,targetz,trajectory_id,target,jitterx,jitterz,startx,startz,belief_respx,belief_respz,endidx,task_finished
0,0,0,combined,sub08,0.0,2.3031315782589794,4.498309550630403,2.1660842580910464,4.717847571033412,3-4-8,3,0,0,2.576987814839736,3.0060856740550173,2.526365762308417,4.602776407488066,152,True
1,1,1,conflict,sub02,15.0,1.3571317378895955,4.067012458982564,1.5468816887237025,4.467673493904492,1-4-8,1,0,0,2.477076934485346,3.1058557371369013,1.649804072482562,4.568145965112418,143,True
2,2,2,landmark,sub11,0.0,3.221588100655311,4.5463941415621125,2.8339157419089536,4.717847571033412,2-5-8,2,0,0,1.6463013057737623,2.880125317979379,3.028884986583761,4.483879684954433,126,True
3,3,3,conflict,sub14,15.0,2.275918978250473,5.164552014941998,2.8339157419089536,4.717847571033412,2-7-8,2,0,0,2.4485315716515177,3.087769638543477,3.0678815604817795,5.123212436963712,141,True
4,4,4,conflict,sub05,15.0,3.1892741578327604,4.696110196824401,3.453118311276297,4.467673493904492,0-5-8,0,0,0,2.440338772657015,3.027327806855694,3.846010430066812,4.413888588545844,146,True
5,5,5,combined,sub07,0.0,2.9696621993030967,5.067932533461452,2.8339157419089536,4.717847571033412,2-5-8,2,0,0,2.415313736157158,3.017969567060241,2.7225151630057187,5.175416947400618,163,True
6,6,6,self-motion,sub05,0.0,2.54500016932528,4.792409994706719,2.8339157419089536,4.717847571033412,2-5-8,2,0,0,2.4871585294015497,3.0332109734416206,2.743786552695835,4.850740204454151,151,True
7,7,7,self-motion,sub17,0.0,2.3651666034833148,4.731672776806353,2.1660842580910464,4.717847571033412,3-4-8,3,0,0,2.5052388997777792,3.0708117912564488,2.3987927251371723,4.886379758079021,153,True
8,8,8,landmark,sub08,0.0,3.777049908314845,4.75358111250255,3.453118311276297,4.467673493904492,0-7-8,0,0,0,2.658116101201584,2.858102890863902,3.8082417591712594,4.508990641608338,146,True
9,9,9,conflict,sub11,15.0,2.6651617515915405,4.565348345120669,2.8339157419089536,4.717847571033412,2-7-8,2,0,0,2.5604121951469847,3.0911284174835325,3.132906596180714,4.538092506488649,184,True
10,10,10,conflict,sub07,15.0,1.4521489414834123,4.052802040562386,1.5468816887237025,4.467673493904492,1-4-8,1,0,0,2.561610168567957,2.9812378239809108,1.8503238787385592,4.202456287404686,164,True
11,11,11,conflict,sub10,15.0,1.2466269970645485,4.030787629776703,1.5468816887237025,4.467673493904492,1-6-8,1,0,0,2.5224768095357546,3.0735439238513167,1.5169665257460274,4.194698415247981,131,True
12,12,12,landmark,sub11,0.0,1.4988406519768258,4.939991700854662,1.5468816887237025,4.467673493904492,1-4-8,1,0,0,2.4525245482434834,3.03377610489404,1.4690415113752655,4.481859077531432,141,True
13,13,13,landmark,sub06,0.0,1.4327156871491638,4.648629825248058,1.5468816887237025,4.467673493904492,1-4-8,1,0,0,2.610231941433011,2.965360252187,1.4111368229965595,4.695099392778412,151,True
14,14,14,landmark,sub14,0.0,1.8698047432584064,4.5995804560137525,2.1660842580910464,4.717847571033412,3-6-8,3,0,0,1.9065661820389928,3.165303279255133,2.338326967357528,4.600831536198292,126,True
15,15,15,conflict,sub10,15.0,2.523781229377091,4.321985978827831,2.8339157419089536,4.717847571033412,2-7-8,2,0,0,2.489896602886412,3.032401186713612,2.988473036294816,4.294325518666266,143,True
16,16,16,self-motion,sub09,0.0,2.466299018800899,5.139010305284372,2.1660842580910464,4.717847571033412,3-4-8,3,0,0,2.5824713321207486,3.0398225676598702,2.262943110078153,4.850666545915438,137,True
17,17,17,self-motion,sub03,0.0,2.303705285735251,5.117125255773943,2.1660842580910464,4.717847571033412,3-4-8,3,0,0,2.59938843804172,2.9725508109768324,1.7357423372873997,4.720868141492447,145,True
18,18,18,conflict,sub07,15.0,1.9895419011905493,4.545913254177563,2.1660842580910464,4.717847571033412,3-6-8,3,0,0,2.5034971568617856,3.0740908880899336,2.2350162989452853,4.650417809591186,142,True
19,19,19,conflict,sub01,15.0,3.1254336092700483,4.688539887088687,3.453118311276297,4.467673493904492,0-5-8,0,0,0,2.474934277857725,3.043853274184414,3.770293299165597,4.463284065242433,146,True
20,20,20,landmark,sub05,0.0,1.2256151419244306,4.5103965775927,1.5468816887237025,4.467673493904492,1-4-8,1,0,0,2.91885249956168,2.4751162601930785,1.0615660255814845,4.395851019780642,131,True
21,21,21,landmark,sub10,0.0,1.605789535615055,4.512083481093202,1.5468816887237025,4.467673493904492,1-4-8,1,0,0,2.546858990728748,3.1569616246665086,1.6365407766604725,4.56357295803146,146,True
22,22,22,self-motion,sub05,0.0,3.4030398618032107,4.4433789245282105,3.453118311276297,4.467673493904492,0-5-8,0,0,0,2.505372785227605,3.070143925553332,3.24728196981328,4.611687002280333,136,True
23,23,23,conflict,sub07,15.0,2.9707686784477167,4.547871731990225,3.453118311276297,4.467673493904492,0-5-8,0,0,0,2.4587429638900127,2.9663743112378924,3.161827656858828,4.7292506678005,142,True
24,24,24,conflict,sub01,15.0,1.4631794129022295,4.614263818477812,2.1660842580910464,4.717847571033412,3-6-8,3,0,0,2.4339428593406947,3.0818333511848333,2.352978449192459,4.820882978969744,137,True
25,25,25,self-motion,sub08,0.0,3.084725512860917,4.899787196690111,2.8339157419089536,4.717847571033412,2-5-8,2,0,0,2.4551175108278005,3.096121370728375,2.9098068644996617,4.873681022299566,131,True
26,26,26,landmark,sub11,0.0,3.4534892957100163,4.44094353163291,3.453118311276297,4.467673493904492,0-5-8,0,0,0,3.14954222562707,2.4168432546064973,3.3731067115625635,4.406890942918769,142,True
27,27,27,combined,sub04,0.0,3.4737891210847733,4.5877890170280375,3.453118311276297,4.467673493904492,0-7-8,0,0,0,2.4563468652159988,3.1114016376815385,3.890908555657486,4.356736740810939,126,True
28,28,28,combined,sub02,0.0,1.9791915458681395,4.959887813804178,2.1660842580910464,4.717847571033412,3-4-8,3,0,0,2.55603183971146,3.087808407715224,2.21771799083222,4.997450288669619,141,True
29,29,29,conflict,sub05,15.0,1.7175740225344496,4.885311410146018,2.1660842580910464,4.717847571033412,3-4-8,3,0,0,2.530380717620274,3.059260054972658,2.179608335282932,5.0268336661881206,121,True
30,30,30,landmark,sub06,0.0,3.4466073450589683,4.434098869466111,3.453118311276297,4.467673493904492,0-7-8,0,0,0,3.5563065363850246,2.8722002618262423,3.273226977416252,4.619426170040189,137,True
31,31,31,self-motion,sub14,0.0,1.0100960680129845,4.171688072418822,1.5468816887237025,4.467673493904492,1-6-8,1,0,0,2.4477957596005213,3.0618601662987674,1.626697732020867,4.721416841036596,152,True
32,32,32,conflict,sub06,15.0,1.8492125818484024,4.393236825101679,2.1660842580910464,4.717847571033412,3-6-8,3,0,0,2.5485832133207813,3.0824093372559616,1.560372017406741,4.65979801400158,137,True
33,33,33,landmark,sub15,0.0,3.386912055096773,4.215096221177613,3.453118311276297,4.467673493904492,0-5-8,0,0,0,2.2438549775850616,3.172360506694897,3.426966947352185,4.429103332147095,136,True
34,34,34,self-motion,sub07,0.0,2.907093236140094,4.644963542537503,2.8339157419089536,4.717847571033412,2-5-8,2,0,0,2.5281373351787635,3.0173500128242923,2.6374482667039905,4.636655407025502,146,True
35,35,35,conflict,sub15,15.0,1.478963944144266,4.087960613888572,1.5468816887237025,4.467673493904492,1-6-8,1,0,0,2.452210597442405,3.1080371996851075,1.50926027764139,4.371622401972775,136,True
36,36,36,landmark,sub07,0.0,1.5882600447868758,4.89972052434026,1.5468816887237025,4.467673493904492,1-6-8,1,0,0,1.843347580314156,3.4111255948187424,1.3699703897102629,4.799412368479851,146,True
37,37,37,landmark,sub12,0.0,1.0647955372579534,4.616212844248296,1.5468816887237025,4.467673493904492,1-4-8,1,0,0,2.282296220857252,2.515003088238281,1.3284060659910015,4.433222212795018,198,True
38,38,38,combined,sub16,0.0,3.4302809887416577,4.623227674555444,3.453118311276297,4.467673493904492,0-7-8,0,0,0,2.4431054565614656,3.0790243361241587,3.2807899110068237,4.71008280402241,141,True
39,39,39,self-motion,sub10,0.0,3.661844294498053,3.926886862187621,3.453118311276297,4.467673493904492,0-7-8,0,0,0,2.4154124787706257,3.035959809864484,3.4863634114326607,4.460831537116089,136,True
40,40,40,landmark,sub16,0.0,3.798942658912632,4.028852854748628,3.453118311276297,4.467673493904492,0-5-8,0,0,0,1.6673515836959003,2.543467190389208,3.402592900182023,4.212360889635438,136,True
41,41,41,combined,sub04,0.0,3.255753223606204,4.685624047181415,2.8339157419089536,4.717847571033412,2-7-8,2,0,0,2.424976948626335,3.0303611096359337,3.443516308026265,4.609177688728821,131,True
42,42,42,combined,sub14,0.0,1.5497177905660229,4.519415175561869,1.5468816887237025,4.467673493904492,1-6-8,1,0,0,2.4445956385845284,3.056189609184836,1.535860851900464,4.3244918069122935,132,True
43,43,43,self-motion,sub07,0.0,1.6160945446490544,4.494719035953992,2.1660842580910464,4.717847571033412,3-6-8,3,0,0,2.4481611698833388,3.04309445547251,1.9844030483458197,4.759919910547759,136,True
44,44,44,combined,sub05,0.0,1.6407046350379548,4.592742000380991,1.5468816887237025,4.467673493904492,1-4-8,1,0,0,2.5197622263158768,3.091373852103996,1.2434414574619748,4.377850097170976,136,True
45,45,45,self-motion,sub12,0.0,2.144780422141446,4.838275740222853,2.1660842580910464,4.717847571033412,3-6-8,3,0,0,2.557028041384556,3.0170134270802027,2.111327436496506,4.678699802316755,142,True
46,46,46,conflict,sub13,15.0,3.5712444949825723,4.45819118261123,3.453118311276297,4.467673493904492,0-7-8,0,0,0,2.5742609390941533,3.0382176385611213,3.376116592714183,4.54250164823064,141,True
47,47,47,self-motion,sub04,0.0,2.541180549462548,4.206367653812807,2.1660842580910464,4.717847571033412,3-6-8,3,0,0,2.4398077976528114,3.0905571317892764,2.217669140933317,4.428393025577525,121,True
48,48,48,self-motion,sub15,0.0,1.888655063944336,4.549760627928595,2.1660842580910464,4.717847571033412,3-4-8,3,0,0,2.537362715600147,3.0635587349310334,1.768169859942369,4.68184112653428,131,True
49,49,49,conflict,sub05,15.0,1.0258696113480503,4.332534126402052,1.5468816887237025,4.467673493904492,1-4-8,1,0,0,2.5750535801429257,3.014224065393277,1.432429907011845,4.724745666038145,136,True
50,50,50,conflict,sub17,15.0,0.8431755972321332,3.9962508916568487,1.5468816887237025,4.467673493904492,1-6-8,1,0,0,2.56914311717178,3.1007397224449265,0.9705298041792724,4.403755595732911,142,True
51,51,51,conflict,sub13,15.0,1.657475314733176,4.5708049573436975,2.1660842580910464,4.717847571033412,3-6-8,3,0,0,2.5969392388219044,3.0475092307124947,2.163337396443226,4.599277585305647,171,True
52,52,52,conflict,sub12,15.0,2.53057490225423,4.696825983608037,2.8339157419089536,4.717847571033412,2-7-8,2,0,0,2.5298039045710965,3.048429293270138,2.830761184579166,4.785056246285084,136,True
53,53,53,combined,sub06,0.0,3.0389039106067632,4.473299833967322,2.8339157419089536,4.717847571033412,2-7-8,2,0,0,2.4556018748408497,3.0559989723092587,2.926496191090561,4.6203062538037605,121,True
54,54,54,landmark,sub13,0.0,3.732084609075368,4.851892173791372,3.453118311276297,4.467673493904492,0-5-8,0,0,0,3.16682507565916,3.2703833844846644,3.7532502640725247,4.928396634502159,152,True
55,55,55,self-motion,sub01,0.0,2.0301600888630515,4.7664025578033735,1.5468816887237025,4.467673493904492,1-4-8,1,0,0,2.55328435397613,2.9542097200182336,1.141287584168675,4.470256353375606,146,True
56,56,56,self-motion,sub01,0.0,3.994084831389189,3.749703863217378,3.453118311276297,4.467673493904492,0-7-8,0,0,0,2.54758713429544,3.068885665942509,3.526749797978008,4.40433546557705,121,True
57,57,57,combined,sub02,0.0,2.379155169548596,4.683222766438897,2.8339157419089536,4.717847571033412,2-7-8,2,0,0,2.445674314640914,3.071243138248567,2.2988012112552885,4.796017394203587,133,True
58,58,58,landmark,sub02,0.0,1.56731339146253,4.446861186776337,1.5468816887237025,4.467673493904492,1-4-8,1,0,0,1.4376736516070914,3.1040577654656465,1.195839693771719,4.26436545197562,141,True
59,59,59,conflict,sub13,15.0,2.904067792930374,4.720138033743903,2.8339157419089536,4.717847571033412,2-5-8,2,0,0,2.433150148579504,3.095113753742793,3.2306528498770137,4.622157491236096,132,True
60,60,60,conflict,sub09,15.0,0.8228756316708987,4.344388289465141,1.5468816887237025,4.467673493904492,1-4-8,1,0,0,2.528370563990137,3.054952553794611,1.1304094591471403,4.50487535648792,132,True
61,61,61,landmark,sub05,0.0,3.5546200581847494,3.866081297472492,3.453118311276297,4.467673493904492,0-5-8,0,0,0,2.129855087245986,2.7738755935836754,3.279887150410209,4.47995911454078,131,True
62,62,62,landmark,sub16,0.0,1.2515200338818764,4.575542884620464,1.5468816887237025,4.467673493904492,1-6-8,1,0,0,3.0478140361515966,3.1001732175186234,1.4127737370156292,4.226876238286679,136,True
63,63,63,landmark,sub06,0.0,2.0545431579304183,4.494985207246644,2.1660842580910464,4.717847571033412,3-4-8,3,0,0,2.210320310900636,2.9487157623601123,2.183143259606396,4.64414933024338,147,True
64,64,64,conflict,sub12,15.0,3.2763068942260163,5.164966460903292,3.453118311276297,4.467673493904492,0-5-8,0,0,0,2.535957315634508,3.103359193138606,3.574297117205066,5.032309461423462,151,True
65,65,65,combined,sub15,0.0,3.2371589550101154,4.07681301983036,3.453118311276297,4.467673493904492,0-7-8,0,0,0,2.6131591839813493,3.0512838607238955,3.190316652305225,4.203600982049349,146,True
66,66,66,landmark,sub05,0.0,2.913964701376192,4.622433515673155,2.8339157419089536,4.717847571033412,2-5-8,2,0,0,2.40039603517368,2.956835673516589,3.152068159824703,4.74547766454623,126,True
67,67,67,combined,sub10,0.0,3.258336344903097,4.05783917785289,3.453118311276297,4.467673493904492,0-7-8,0,0,0,2.431414445413592,3.0312931414068727,3.2573666048964385,4.2398069804560174,152,True
68,68,68,landmark,sub14,0.0,1.5581141022616944,3.9751157574786857,1.5468816887237025,4.467673493904492,1-6-8,1,0,0,2.4952839294655984,2.640732449216672,1.3563103057416133,4.488091846854952,136,True
69,69,69,combined,sub11,0.0,2.3792879052938654,4.647289509916458,2.1660842580910464,4.717847571033412,3-6-8,3,0,0,2.529774667835015,3.1029035460799763,2.354346955967283,4.704982516403812,137,True
70,70,70,self-motion,sub12,0.0,3.050601245261399,4.636819545675006,3.453118311276297,4.467673493904492,0-5-8,0,0,0,2.506880491241636,3.068492579376012,3.314899719557937,4.680129029758085,146,True
71,71,71,self-motion,sub10,0.0,2.618073886150423,4.571954036280106,2.8339157419089536,4.717847571033412,2-5-8,2,0,0,2.4858152604902664,3.07143017703022,2.404327057371782,4.844900998901967,141,True
72,72,72,self-motion,sub16,0.0,3.246384200189324,4.971355770833684,3.453118311276297,4.467673493904492,0-5-8,0,0,0,2.452176871459293,3.0592219010297472,3.52097995352888,4.654336984642722,157,True
73,73,73,conflict,sub06,15.0,3.12668453227486,4.526137628743856,3.453118311276297,4.467673493904492,0-7-8,0,0,0,2.487606568134592,3.0548041332718667,3.318645913454372,4.47751999634616,151,True
74,74,74,combined,sub10,0.0,2.942052619990685,4.6096459644080445,2.8339157419089536,4.717847571033412,2-5-8,2,0,0,2.521707434984489,3.0718211258696666,3.0774186343766563,4.437290985627148,147,True
75,75,75,landmark,sub16,0.0,2.2507105529145384,5.141180719725068,2.1660842580910464,4.717847571033412,3-4-8,3,0,0,1.9055743473921896,3.2441955175152897,2.5525251752921,5.0255410140353,173,True
76,76,76,landmark,sub17,0.0,2.750612610290876,4.486653356166332,2.8339157419089536,4.717847571033412,2-7-8,2,0,0,2.3997169960409312,2.308428782301964,2.877714622488814,4.622501369916136,141,True
77,77,77,conflict,sub11,15.0,1.3850883471911202,4.747854166251921,1.5468816887237025,4.467673493904492,1-4-8,1,0,0,2.4417740705137105,3.081368950231527,1.7973480583850483,4.843228394407096,141,True
78,78,78,self-motion,sub16,0.0,1.2324519044458508,4.015091394930017,1.5468816887237025,4.467673493904492,1-6-8,1,0,0,2.5383088761821915,3.071756750563543,1.799789604851889,4.498623475422479,136,True
79,79,79,conflict,sub03,15.0,1.4032044243780284,4.207131809137756,1.5468816887237025,4.467673493904492,1-6-8,1,0,0,2.424343461854104,3.0805152915258827,1.4024689330642062,4.298579724382814,137,True
80,80,80,landmark,sub15,0.0,2.9748565281312187,4.2314797204872345,2.8339157419089536,4.717847571033412,2-5-8,2,0,0,2.133233186277139,3.3779359320292497,2.6456258352254274,4.206671514495474,151,True
81,81,81,conflict,sub08,15.0,2.155627588648777,4.886553521087738,2.1660842580910464,4.717847571033412,3-4-8,3,0,0,2.4535510923014883,3.0906803552821267,2.06289288980733,4.799482291934681,146,True
82,82,82,combined,sub08,0.0,3.5278580951513554,4.3713313248920205,3.453118311276297,4.467673493904492,0-5-8,0,0,0,2.42346024408104,3.0259479874665147,3.5445585934609247,4.643567741212007,146,True
83,83,83,self-motion,sub09,0.0,1.293588593369252,4.126214063478463,1.5468816887237025,4.467673493904492,1-4-8,1,0,0,2.568804366534156,3.05576990798918,1.4175067950925588,4.228980139029261,131,True
84,84,84,combined,sub04,0.0,2.2563416883608864,4.917823816342082,2.1660842580910464,4.717847571033412,3-6-8,3,0,0,2.572683979681062,3.0952232536005124,2.278114284216338,4.771035397488639,136,True
85,85,85,landmark,sub05,0.0,2.46577060155177,4.587097822850772,2.1660842580910464,4.717847571033412,3-6-8,3,0,0,2.707015072563775,2.1483374097810914,2.344089720745955,4.617718674598812,146,True
86,86,86,combined,sub10,0.0,1.8029377463671008,4.7263579604423045,2.1660842580910464,4.717847571033412,3-6-8,3,0,0,2.54112592750244,3.0692136046165825,1.9665892471760944,4.831080224723989,131,True
87,87,87,self-motion,sub10,0.0,1.4976612930762576,4.2125719965570845,1.5468816887237025,4.467673493904492,1-4-8,1,0,0,2.5700036298717723,3.051203014720972,1.3523812400964197,4.51566578001616,141,True
88,88,88,self-motion,sub11,0.0,2.437979795549577,4.68311221373498,2.1660842580910464,4.717847571033412,3-6-8,3,0,0,2.4356117756569846,3.0617311134028817,2.37848621256532,4.7701231366397945,159,True
89,89,89,combined,sub07,0.0,2.4371806567670573,4.802562567177311,2.1660842580910464,4.717847571033412,3-6-8,3,0,0,2.5699479878373084,3.012693468499266,2.305877090939532,4.885699926697513,142,True
90,90,90,self-motion,sub09,0.0,3.5163703771845185,4.228053241224823,3.453118311276297,4.467673493904492,0-7-8,0,0,0,2.4978582881080262,3.0602400295256795,2.9167419874088134,4.576513784704814,137,True
91,91,91,landmark,sub12,0.0,3.1329420644926,4.6619776526617365,2.8339157419089536,4.717847571033412,2-5-8,2,0,0,2.972857458167935,2.581813979132938,3.114500402465865,4.688442661697748,139,True
92,92,92,combined,sub06,0.0,3.1922438793226164,4.707644660299696,3.453118311276297,4.467673493904492,0-5-8,0,0,0,2.4911184115827125,3.048231931489189,3.710625198705744,4.3924053520908455,132,True
93,93,93,combined,sub10,0.0,1.5241362542437238,4.745727776324737,1.5468816887237025,4.467673493904492,1-4-8,1,0,0,2.606925673201323,3.0305576254338504,1.2878311770448454,4.892574081761855,146,True
94,94,94,landmark,sub01,0.0,1.4829128034267374,4.298000649448934,1.5468816887237025,4.467673493904492,1-4-8,1,0,0,1.9574003896114056,2.9702642751493262,1.5225248613488525,4.386840962645758,151,True
95,95,95,conflict,sub17,15.0,1.6947225464127469,4.610776510939418,2.1660842580910464,4.717847571033412,3-6-8,3,0,0,2.548594451205876,3.0428730956355325,1.9699048718502772,4.716908633749466,126,True
96,96,96,conflict,sub11,15.0,1.7709207305068424,4.841907863189342,2.1660842580910464,4.717847571033412,3-6-8,3,0,0,2.5940179508336345,3.034501106265816,2.112032478713332,4.887468099029118,135,True
97,97,97,conflict,sub09,15.0,2.9447090411882315,4.489095446930781,3.453118311276297,4.467673493904492,0-5-8,0,0,0,2.5373380733236663,3.086142855155978,3.5925508484756152,4.111502594372579,142,True
98,98,98,combined,sub03,0.0,2.3187348121747364,4.6066693755983374,2.1660842580910464,4.717847571033412,3-4-8,3,0,0,2.601126065139547,3.004846451024477,2.580002921288741,4.757114915965251,177,True
99,99,99,landmark,sub17,0.0,1.7357670408992274,4.330294747637105,1.5468816887237025,4.467673493904492,1-4-8,1,0,0,1.8881342572026985,3.069077917008689,1.571245206172032,4.4266424673700575,136,True
100,100,100,conflict,sub01,15.0,0.9835656196312602,4.856233540983257,1.5468816887237025,4.467673493904492,1-4-8,1,0,0,2.5555967971357414,2.9790337409270333,1.3668557900102762,4.891405359455719,151,True
101,101,101,combined,sub08,0.0,2.8481186640665257,4.935271369735798,2.8339157419089536,4.717847571033412,2-5-8,2,0,0,2.530787876175757,3.0496122108233537,2.7705975935843354,4.902670732880049,152,True
102,102,102,landmark,sub09,0.0,2.284829425900758,4.271918357724007,2.1660842580910464,4.717847571033412,3-4-8,3,0,0,2.5667638426116697,3.5801087566713568,2.387717235107566,4.610909856103013,126,True
103,103,103,landmark,sub12,0.0,3.684455354451997,4.840956012882155,3.453118311276297,4.467673493904492,0-7-8,0,0,0,3.0110371010709205,3.4156117050069748,3.352640341977324,4.602522318182562,151,True
104,104,104,combined,sub01,0.0,2.962303602165578,4.671684649751177,2.8339157419089536,4.717847571033412,2-7-8,2,0,0,2.45844927260504,3.0266646707185,3.1721827627160386,4.747054141804548,147,True
105,105,105,combined,sub16,0.0,2.6570525885555543,5.062809699944792,2.8339157419089536,4.717847571033412,2-7-8,2,0,0,2.4154871790020667,3.031493970971449,3.178016166055079,5.256564862262383,151,True
106,106,106,self-motion,sub03,0.0,2.0778937447118704,4.411545559103266,1.5468816887237025,4.467673493904492,1-6-8,1,0,0,2.5713317570060457,3.0063542144669824,1.4250867696569984,4.370231627211099,142,True
107,107,107,self-motion,sub03,0.0,3.2774663543085656,4.291286737961702,3.453118311276297,4.467673493904492,0-5-8,0,0,0,2.3905958451874905,3.057886021873096,3.319922865632045,4.4596107605925095,136,True
108,108,108,self-motion,sub06,0.0,2.0527095598699083,4.540657056885202,2.1660842580910464,4.717847571033412,3-4-8,3,0,0,2.566596126588163,3.0781270216783017,2.4542585957166607,4.669669817605572,141,True
109,109,109,self-motion,sub02,0.0,1.6099976974884709,4.854892046885882,1.5468816887237025,4.467673493904492,1-4-8,1,0,0,2.6101677753293284,3.042263152826821,1.8451505214560449,4.84305942096499,146,True
110,110,110,self-motion,sub08,0.0,2.34704751118994,4.269441170608888,2.1660842580910464,4.717847571033412,3-6-8,3,0,0,2.566854436065256,3.0793691721638603,2.183976554246837,4.525449343808634,116,True
111,111,111,landmark,sub09,0.0,3.3417581499983005,4.639152091859146,3.453118311276297,4.467673493904492,0-7-8,0,0,0,2.3444883576007327,2.314094931673171,3.690217567833354,4.761695079835441,151,True
112,112,112,conflict,sub02,15.0,2.017810728431052,5.1073344565328895,2.8339157419089536,4.717847571033412,2-7-8,2,0,0,2.5713220833652857,3.0784667218254125,2.733428203343476,5.088659842217743,142,True
113,113,113,combined,sub17,0.0,2.243917753917331,4.8339468853881895,2.1660842580910464,4.717847571033412,3-6-8,3,0,0,2.5517850268066096,3.0452289051490338,2.4103889179741387,4.939310395807584,121,True
114,114,114,landmark,sub03,0.0,1.950581595056252,4.835526396459525,1.5468816887237025,4.467673493904492,1-4-8,1,0,0,2.2402526800908253,2.4818149030191323,1.6736551083851885,4.53845055953661,154,True
115,115,115,combined,sub05,0.0,2.672547589139266,4.489009889790882,2.1660842580910464,4.717847571033412,3-6-8,3,0,0,2.520603274983757,3.0842047249364626,2.663720194335513,4.726080348070168,131,True
116,116,116,landmark,sub12,0.0,2.1585512184100013,4.255709925867317,2.1660842580910464,4.717847571033412,3-6-8,3,0,0,2.5878737086511414,2.5730624487208917,2.288071795834236,4.755384025055861,131,True
117,117,117,landmark,sub13,0.0,1.8879849337298988,4.026518209930159,1.5468816887237025,4.467673493904492,1-6-8,1,0,0,2.381932726280952,3.017041748282653,1.948396576561735,4.389334262683162,132,True
118,118,118,conflict,sub08,15.0,2.730487944772175,4.421396837598336,2.8339157419089536,4.717847571033412,2-5-8,2,0,0,2.435135236759981,3.025888000865848,2.652924592372412,4.496221411500851,161,True
119,119,119,conflict,sub04,15.0,1.078519095292106,3.9500979688050832,1.5468816887237025,4.467673493904492,1-6-8,1,0,0,2.4531334028854235,3.058791906052949,1.606111683744186,4.376570248355544,136,True
120,120,120,conflict,sub13,15.0,1.5306530562896397,4.093338271742369,1.5468816887237025,4.467673493904492,1-4-8,1,0,0,2.474487996640637,3.081040877547812,1.3361091703371513,4.377384964702587,152,True
121,121,121,conflict,sub06,15.0,1.117656655890979,3.9323924180325167,1.5468816887237025,4.467673493904492,1-4-8,1,0,0,2.53426985180486,3.0684061799755527,1.2186029436173935,4.232390442782764,141,True
122,122,122,combined,sub15,0.0,1.8120054822654204,4.240006270936552,1.5468816887237025,4.467673493904492,1-4-8,1,0,0,2.531059335405007,3.069987137128545,2.234326157562352,4.343247210717703,132,True
123,123,123,self-motion,sub08,0.0,1.3270589132419788,4.9256485088215705,1.5468816887237025,4.467673493904492,1-6-8,1,0,0,2.594651070730112,2.957191990837364,0.6755181322210035,4.343784939926184,201,True
124,124,124,landmark,sub14,0.0,3.5437623115136336,4.39197320543256,3.453118311276297,4.467673493904492,0-5-8,0,0,0,2.6527996560899454,2.9784277844509632,3.5288542063661423,4.356481075067116,131,True
125,125,125,combined,sub07,0.0,1.593377550220104,4.3983330861805054,1.5468816887237025,4.467673493904492,1-4-8,1,0,0,2.593813026037996,3.0128248499863783,1.4130790357181329,4.461057356803018,146,True
126,126,126,landmark,sub10,0.0,3.257523145389236,4.8404927288777255,3.453118311276297,4.467673493904492,0-5-8,0,0,0,1.7665192094392388,2.423496144291409,3.366155522335464,4.658171690883858,131,True
127,127,127,self-motion,sub11,0.0,1.5040309737672803,3.9835574780036302,1.5468816887237025,4.467673493904492,1-6-8,1,0,0,2.534322171717918,2.9850409857164486,1.3651296619442423,4.148274941698495,136,True
128,128,128,self-motion,sub02,0.0,1.2773075372775218,4.375902011200467,2.8339157419089536,4.717847571033412,2-5-8,2,0,0,2.4453721855785706,3.0674275368001584,3.082198952763937,4.770788483172384,121,True
129,129,129,landmark,sub13,0.0,1.9464861110745733,4.657656768534113,2.1660842580910464,4.717847571033412,3-6-8,3,0,0,1.4823592925385816,3.1971395782521173,2.288818230425385,4.703322972720231,121,True
130,130,130,landmark,sub01,0.0,2.483645723578757,4.500350265424983,2.8339157419089536,4.717847571033412,2-5-8,2,0,0,2.1735404788908417,3.020645563802972,2.703212242200141,4.685487093369197,137,True
131,131,131,self-motion,sub06,0.0,1.022196007515726,4.132726690731427,1.5468816887237025,4.467673493904492,1-6-8,1,0,0,2.4118221037388627,3.064458363723134,1.6550277495143,4.4007405683019885,137,True
132,132,132,conflict,sub08,15.0,2.950173564430846,4.502489905090661,3.453118311276297,4.467673493904492,0-7-8,0,0,0,2.472854920263724,3.0502402109743114,3.1585328275998554,4.753707737225512,116,True
133,133,133,conflict,sub04,15.0,2.966667287273075,4.293837357310958,3.453118311276297,4.467673493904492,0-5-8,0,0,0,2.5292868282284906,3.0234923541744614,3.1482168973841764,4.370471448411712,174,True
134,134,134,self-motion,sub16,0.0,1.3390118455891855,4.878480693710636,2.1660842580910464,4.717847571033412,3-6-8,3,0,0,2.562352300034048,3.074145584896164,2.0237931065509684,4.990450866562695,131,True
135,135,135,conflict,sub12,15.0,2.1253529989215028,4.838105488426804,2.1660842580910464,4.717847571033412,3-4-8,3,0,0,2.531850827332668,3.0823889170096663,2.550449347736776,4.807426170214405,127,True
136,136,136,landmark,sub07,0.0,2.9029845547666846,4.059195466017108,3.453118311276297,4.467673493904492,0-7-8,0,0,0,2.7819376878715403,2.571560711163172,3.346206281020112,4.46938465897806,141,True
137,137,137,conflict,sub15,15.0,2.454569826567332,4.4204727003554405,2.8339157419089536,4.717847571033412,2-5-8,2,0,0,2.488171499385206,3.018253928916487,2.7888773641994336,4.496548657810122,142,True
138,138,138,conflict,sub02,15.0,1.68061188302852,4.476600932334338,2.1660842580910464,4.717847571033412,3-6-8,3,0,0,2.459725452149812,3.0456778814064416,2.0507328386490267,4.725920104287635,132,True
139,139,139,conflict,sub04,15.0,2.4237250700594326,4.827762494072214,2.8339157419089536,4.717847571033412,2-7-8,2,0,0,2.452099414686069,3.0389496527650484,2.8825853602714835,5.061745104450841,136,True
140,140,140,self-motion,sub04,0.0,3.026066439755286,4.4155269845866805,2.8339157419089536,4.717847571033412,2-7-8,2,0,0,2.4095823892135275,3.0049532857941066,3.24575156306242,4.532375959794407,148,True
141,141,141,landmark,sub17,0.0,3.414322611812853,4.337055851189447,3.453118311276297,4.467673493904492,0-5-8,0,0,0,2.456403373357186,2.353206926667016,3.488160455624796,4.416916853497626,131,True
142,142,142,landmark,sub16,0.0,2.4227549227433003,5.016323736739452,2.8339157419089536,4.717847571033412,2-5-8,2,0,0,2.824182400229499,3.582715823547852,2.2254135895272986,4.779426088340975,142,True
143,143,143,combined,sub13,0.0,2.097825894026516,4.590708968804158,2.1660842580910464,4.717847571033412,3-4-8,3,0,0,2.5663487124067568,3.005682395913794,2.133497417839016,4.582054942852174,141,True
144,144,144,conflict,sub16,15.0,1.8490579732716748,4.407264863036716,2.1660842580910464,4.717847571033412,3-4-8,3,0,0,2.4736707160421894,3.08767855334748,2.385062966246612,4.700804735266958,163,True
145,145,145,combined,sub08,0.0,1.6632568549833695,4.74971087207343,1.5468816887237025,4.467673493904492,1-6-8,1,0,0,2.506940547000269,3.0667372210326027,1.4389573854988815,4.745106111892619,152,True
146,146,146,self-motion,sub13,0.0,1.9281056649915225,4.596225947078562,1.5468816887237025,4.467673493904492,1-4-8,1,0,0,2.56565302652626,2.9913888767649364,1.6807828161093208,4.442261849829855,146,True
147,147,147,landmark,sub10,0.0,3.08462799922731,4.41242364519011,2.8339157419089536,4.717847571033412,2-5-8,2,0,0,2.578996368530693,2.7870227273283814,2.7303588097321385,4.733087013531223,121,True
148,148,148,combined,sub09,0.0,2.8231385927064747,4.45308314132608,2.8339157419089536,4.717847571033412,2-5-8,2,0,0,2.514290883326749,3.058637014383237,2.8285475122291834,4.5189818029258735,156,True
149,149,149,combined,sub11,0.0,1.4439982497103725,4.229457637329172,1.5468816887237025,4.467673493904492,1-6-8,1,0,0,2.469121479605004,3.049991505285301,1.0972505901656793,4.35615485955993,131,True
150,150,150,self-motion,sub11,0.0,3.714394443174324,4.116959053243663,3.453118311276297,4.467673493904492,0-5-8,0,0,0,2.4310218922712497,3.001410375536763,3.768317570514137,4.409306084162755,126,True
151,151,151,landmark,sub01,0.0,2.980452234621806,4.4140140056747965,3.453118311276297,4.467673493904492,0-5-8,0,0,0,3.1663092487147337,3.349921917991487,3.332902569225946,4.308245202886265,126,True
152,152,152,conflict,sub15,15.0,3.0865261242122544,5.0416208123204855,3.453118311276297,4.467673493904492,0-7-8,0,0,0,2.499641383073389,3.090813925946505,3.770722695246504,4.579265705042642,152,True
153,153,153,conflict,sub14,15.0,1.1454734445089183,4.098776989711377,1.5468816887237025,4.467673493904492,1-4-8,1,0,0,2.4981478276933258,3.084825726342516,1.7191569614357662,4.409566858453479,136,True
154,154,154,combined,sub02,0.0,1.6163027590511148,4.604086793394738,1.5468816887237025,4.467673493904492,1-4-8,1,0,0,2.5795896936894107,3.0059284009120764,1.32321799756977,4.836801776313995,151,True
155,155,155,self-motion,sub12,0.0,0.7913540353171129,3.869313491430531,1.5468816887237025,4.467673493904492,1-4-8,1,0,0,2.6000883983562404,3.021861990732864,1.597273088949462,4.7854393563430335,177,True
156,156,156,self-motion,sub09,0.0,3.0043684019626022,4.406763241582629,2.8339157419089536,4.717847571033412,2-5-8,2,0,0,2.417041124190777,3.0367682906487485,3.15717709319402,4.63132982461888,136,True
157,157,157,combined,sub12,0.0,1.5501293994478076,4.674070055859797,2.1660842580910464,4.717847571033412,3-6-8,3,0,0,2.553310660659085,3.045365611029406,1.708654259765095,4.64022513663475,142,True
158,158,158,self-motion,sub05,0.0,1.2225941495619326,4.2210471747813045,1.5468816887237025,4.467673493904492,1-6-8,1,0,0,2.568071767746643,3.0083509992307294,1.5734380772399776,4.541813222494943,147,True
159,159,159,self-motion,sub17,0.0,1.435144657830512,4.283923609411676,1.5468816887237025,4.467673493904492,1-4-8,1,0,0,2.6194333948612623,3.003711174840095,1.1002242369776687,4.398137961887497,141,True
160,160,160,self-motion,sub02,0.0,3.71450116492852,3.98168769955844,3.453118311276297,4.467673493904492,0-7-8,0,0,0,2.4769934409970222,3.109148353342749,3.0261179238174454,4.476487253556136,122,True
161,161,161,self-motion,sub01,0.0,1.9272824325770388,4.797921041667233,2.8339157419089536,4.717847571033412,2-7-8,2,0,0,2.556410588713449,3.0559892875312404,2.8415687068493645,4.843082719949893,139,True
162,162,162,landmark,sub09,0.0,1.1957853710435993,4.664068289987023,1.5468816887237025,4.467673493904492,1-4-8,1,0,0,3.0328374801118843,3.0721559822071365,1.6326117310379815,4.672104271493387,126,True
163,163,163,landmark,sub17,0.0,2.6258148652992257,5.06459750309958,2.1660842580910464,4.717847571033412,3-6-8,3,0,0,1.4889595891524647,2.8666265132917736,2.2057902812722765,4.951377425324679,156,True
164,164,164,combined,sub01,0.0,2.1192068289910635,4.873486475210348,2.1660842580910464,4.717847571033412,3-4-8,3,0,0,2.4730136193429018,3.0823182537271787,2.013879118426023,4.877936889112743,151,True
165,165,165,combined,sub17,0.0,2.6884048866747863,4.501264700734837,2.8339157419089536,4.717847571033412,2-5-8,2,0,0,2.516905265132233,3.1227079489128005,2.805768515689486,4.481342565236705,141,True
166,166,166,self-motion,sub15,0.0,3.4124074084901648,4.230730942484661,2.8339157419089536,4.717847571033412,2-5-8,2,0,0,2.4740298032430057,2.993802911851841,2.7845430741656827,4.3747890970246335,152,True
167,167,167,conflict,sub04,15.0,1.6405754331401323,4.6385954476711735,2.1660842580910464,4.717847571033412,3-4-8,3,0,0,2.5343392945678285,3.076322561839881,1.9520756678747688,4.944752211923949,142,True
168,168,168,conflict,sub03,15.0,2.81066887167163,4.821963044041363,3.453118311276297,4.467673493904492,0-7-8,0,0,0,2.5157013710974305,3.0946718119130643,3.288522891661623,4.692393910777108,141,True
169,169,169,conflict,sub09,15.0,2.3206488419465345,4.924929644576959,2.8339157419089536,4.717847571033412,2-5-8,2,0,0,2.4125117685511936,2.9835329725688142,2.779865441995078,4.817098816983252,131,True
170,170,170,landmark,sub02,0.0,2.9530355055459654,4.795397895447462,2.8339157419089536,4.717847571033412,2-7-8,2,0,0,3.1321845043735785,3.5214757258425133,3.145773533203634,4.884452275738058,145,True
171,171,171,landmark,sub04,0.0,1.488188983652735,4.176117010656638,1.5468816887237025,4.467673493904492,1-4-8,1,0,0,1.6188033643087052,2.7583878165717755,1.6018784520811948,4.46646113777913,136,True
172,172,172,combined,sub12,0.0,3.13555123045066,4.375330057748002,2.8339157419089536,4.717847571033412,2-7-8,2,0,0,2.440930398663842,3.052587549499524,2.9640736653273434,4.427090313094966,136,True
173,173,173,self-motion,sub01,0.0,1.7793442729996882,4.594002185748323,2.1660842580910464,4.717847571033412,3-4-8,3,0,0,2.6053178482428354,3.0031387741171223,2.108920904326171,4.811728439583568,131,True
174,174,174,conflict,sub16,15.0,2.4391994833857584,4.5441807533672085,2.8339157419089536,4.717847571033412,2-7-8,2,0,0,2.4114756461856155,3.0790541827627185,2.6256411732826264,4.405844520719281,131,True
175,175,175,self-motion,sub06,0.0,2.376964095040788,4.768517380552399,2.8339157419089536,4.717847571033412,2-5-8,2,0,0,2.4015081733840904,2.9894310274161837,2.526713560094888,4.687293983238925,141,True
176,176,176,conflict,sub08,15.0,1.2646347098358313,3.889164243357971,1.5468816887237025,4.467673493904492,1-4-8,1,0,0,2.597787455514855,3.0538777064415465,1.9076159935005692,4.449773272733058,149,True
177,177,177,combined,sub03,0.0,3.49555892523096,4.513232142001829,3.453118311276297,4.467673493904492,0-5-8,0,0,0,2.4093783501199564,3.0040077845434032,3.412986626165572,4.575392734520879,156,True
178,178,178,conflict,sub15,15.0,1.825340353491563,4.4666488997197416,2.1660842580910464,4.717847571033412,3-6-8,3,0,0,2.4882102336368703,3.114257237053353,2.2783641474314686,4.654632031662386,126,True
179,179,179,landmark,sub14,0.0,3.1097378609743447,4.262440517602822,2.8339157419089536,4.717847571033412,2-7-8,2,0,0,2.163656800522124,2.960036778863953,3.1009671784372164,4.4204622540801255,141,True
180,180,180,landmark,sub15,0.0,1.8834099631479968,4.470046010885695,2.1660842580910464,4.717847571033412,3-6-8,3,0,0,2.8033147013090254,3.3550883061993786,2.379621698325324,4.501261534460967,141,True
181,181,181,combined,sub13,0.0,2.756404178467604,4.483289543963093,2.8339157419089536,4.717847571033412,2-5-8,2,0,0,2.440564242411317,3.034322059081985,2.696363947891103,4.604234957083959,137,True
182,182,182,combined,sub15,0.0,2.7262357742168333,4.5784323757456775,2.8339157419089536,4.717847571033412,2-5-8,2,0,0,2.5187076975249667,3.0435208802257345,2.722199647914896,4.79960454706531,166,True
183,183,183,combined,sub09,0.0,3.0784629676232944,4.371373744687186,3.453118311276297,4.467673493904492,0-5-8,0,0,0,2.4632727166042647,3.075909044389144,2.951335313448556,4.402764355905501,146,True
184,184,184,conflict,sub16,15.0,1.0706052420897827,4.32981819744633,1.5468816887237025,4.467673493904492,1-4-8,1,0,0,2.468516164446,3.0917615742634927,1.7006045121160127,4.941263960458151,143,True
185,185,185,self-motion,sub05,0.0,3.2723395780232147,5.082055404722059,2.1660842580910464,4.717847571033412,3-6-8,3,0,0,2.4548242811938845,3.0295403085865327,2.0709329600025748,5.026000563294481,156,True
186,186,186,conflict,sub01,15.0,2.1357349243733923,4.4887485187781735,2.8339157419089536,4.717847571033412,2-7-8,2,0,0,2.5060569427926565,3.092369976493376,2.7855105168867422,4.555130268658676,136,True
187,187,187,landmark,sub07,0.0,3.257725956396313,4.8823962442218845,2.8339157419089536,4.717847571033412,2-7-8,2,0,0,3.0044193425237053,2.9886826424012587,2.9316747795870195,4.771264891807188,152,True
188,188,188,combined,sub14,0.0,3.32252248912615,4.293143237558306,3.453118311276297,4.467673493904492,0-5-8,0,0,0,2.516789095349342,3.1106248114713813,3.192845134619576,4.624083928352414,142,True
189,189,189,landmark,sub03,0.0,2.719567471510762,4.488995467687852,2.8339157419089536,4.717847571033412,2-7-8,2,0,0,2.1569930495791056,4.4545519895864665,2.98153439005405,4.655206278423683,136,True
190,190,190,conflict,sub06,15.0,2.4161110796034384,5.090129587283499,2.8339157419089536,4.717847571033412,2-7-8,2,0,0,2.532294968986936,3.074204499691445,2.9478150425952445,5.174002848208518,157,True
191,191,191,conflict,sub14,15.0,2.9107998219570064,5.0151140971415336,3.453118311276297,4.467673493904492,0-7-8,0,0,0,2.391120943800665,3.033827097418862,3.2147350031400808,4.597529367730043,141,True
192,192,192,conflict,sub10,15.0,2.741493315337081,4.6373984153802414,3.453118311276297,4.467673493904492,0-5-8,0,0,0,2.4705366511048217,3.117367415335482,3.16011095326031,4.25679632173227,141,True
193,193,193,conflict,sub16,15.0,3.4920312352199208,4.524258263097841,3.453118311276297,4.467673493904492,0-7-8,0,0,0,2.415737287719655,3.0006335446475205,3.544525614577877,4.436062998331409,146,True
194,194,194,combined,sub01,0.0,1.4822302803947007,4.551287217171344,1.5468816887237025,4.467673493904492,1-6-8,1,0,0,2.582465881711391,3.06833148799772,1.2364448881733463,4.496878641869828,134,True
195,195,195,conflict,sub09,15.0,1.5704068820644024,4.646869983186179,2.1660842580910464,4.717847571033412,3-4-8,3,0,0,2.5316212775465243,3.0368965054616006,1.7796230354238836,4.793545507273642,132,True
196,196,196,self-motion,sub14,0.0,3.4809931296513663,4.7459198355233925,3.453118311276297,4.467673493904492,0-5-8,0,0,0,2.454516859729415,3.0288253916720045,3.3414489863287367,4.753949073661424,136,True
197,197,197,self-motion,sub06,0.0,3.927376895034429,4.177901286361327,3.453118311276297,4.467673493904492,0-5-8,0,0,0,2.4757202043457944,3.0575051924342342,3.710981731795934,4.768334434638772,151,True
198,198,198,combined,sub02,0.0,3.582925403999189,4.713692604147502,3.453118311276297,4.467673493904492,0-5-8,0,0,0,2.400536441089008,2.9854418930062705,3.596885291289886,4.629869967656742,142,True
199,199,199,self-motion,sub13,0.0,4.0872811607140624,4.222200002213692,3.453118311276297,4.467673493904492,0-7-8,0,0,0,2.4820941261454093,3.094582617678328,3.480205297078869,4.332175966404003,141,True
200,200,200,conflict,sub11,15.0,2.7872328079303728,4.672568938619409,3.453118311276297,4.467673493904492,0-5-8,0,0,0,2.4274724101490217,3.0053018673735283,3.345936263961609,4.628020586435528,127,True
201,201,201,self-motion,sub10,0.0,1.8881817637585965,4.670191532526828,2.1660842580910464,4.717847571033412,3-6-8,3,0,0,2.4266177277799525,3.048831610997228,1.946415048729776,4.702474605106506,136,True
202,202,202,self-motion,sub02,0.0,2.612742966964538,4.79138943160891,2.1660842580910464,4.717847571033412,3-6-8,3,0,0,2.601694406149913,3.049874552078895,2.0658958738082736,4.570638270234822,131,True
203,203,203,combined,sub11,0.0,3.2941065220127004,4.217879871953545,3.453118311276297,4.467673493904492,0-5-8,0,0,0,2.52629078053236,3.0772894046262063,3.4138814907586315,4.313293316708828,149,True
204,204,204,self-motion,sub15,0.0,3.720460245451832,4.254385019124482,3.453118311276297,4.467673493904492,0-5-8,0,0,0,2.436586171924599,3.0344690261380016,3.1883126906329746,4.272129993531107,151,True
205,205,205,conflict,sub10,15.0,1.398200646712172,4.568623471788488,2.1660842580910464,4.717847571033412,3-4-8,3,0,0,2.4738463999016043,3.072905409293265,1.9659437316409645,4.664381341544912,156,True
206,206,206,self-motion,sub04,0.0,1.5885993240699467,4.742065215352668,1.5468816887237025,4.467673493904492,1-4-8,1,0,0,2.560745693100896,3.0098964309548624,1.3092733469792954,4.4393164979617,142,True
207,207,207,combined,sub13,0.0,3.3862360175633226,4.297356564810282,3.453118311276297,4.467673493904492,0-5-8,0,0,0,2.483656320614447,3.11159238961404,3.5991255166344174,4.226089146557584,146,True
208,208,208,conflict,sub05,15.0,2.7270472795944265,4.831544190738807,2.8339157419089536,4.717847571033412,2-5-8,2,0,0,2.478498092381669,2.9782257885878427,3.091338980796475,4.650544758819199,146,True
209,209,209,combined,sub09,0.0,2.5171802255516136,4.693921941104612,2.1660842580910464,4.717847571033412,3-4-8,3,0,0,2.5424259748306675,3.096711203005221,2.656474435158334,4.771572599289128,141,True
210,210,210,combined,sub06,0.0,2.236970465517312,4.646804165141961,2.1660842580910464,4.717847571033412,3-6-8,3,0,0,2.579543891921904,3.0190547593588968,2.0523905041236987,4.699322433422259,133,True
211,211,211,landmark,sub02,0.0,3.327840068079412,4.646883281486606,3.453118311276297,4.467673493904492,0-5-8,0,0,0,2.4101155309933624,2.735950157037208,2.734538569007628,4.561197716633029,155,True
212,212,212,landmark,sub04,0.0,1.558995449206031,5.145109234561772,2.1660842580910464,4.717847571033412,3-6-8,3,0,0,3.420355349247284,3.5102644386094504,2.2482063520846403,5.029725499984633,131,True
213,213,213,landmark,sub08,0.0,2.1168146100819407,4.58506285333417,2.1660842580910464,4.717847571033412,3-4-8,3,0,0,1.859295802086173,3.0364809353826816,2.0036799598657566,4.821898132149385,141,True
214,214,214,conflict,sub03,15.0,2.7805931583064463,4.533533442503495,2.8339157419089536,4.717847571033412,2-5-8,2,0,0,2.496297099335193,3.119607905295629,3.285091264610652,4.416153150000031,141,True
215,215,215,landmark,sub08,0.0,1.388225981311526,4.751006426613952,1.5468816887237025,4.467673493904492,1-6-8,1,0,0,2.805597035811712,3.2667241832328706,1.4720453032105738,4.757548092852583,137,True
216,216,216,conflict,sub12,15.0,1.1844625112196956,4.404590864982142,1.5468816887237025,4.467673493904492,1-6-8,1,0,0,2.4351584708091853,3.0722155798795354,1.31014659853506,4.631912001901544,151,True
217,217,217,combined,sub06,0.0,1.8566305912666048,4.270037720284994,1.5468816887237025,4.467673493904492,1-4-8,1,0,0,2.496870023426688,3.040186579816292,2.1157932323792887,4.360830360464208,136,True
218,218,218,self-motion,sub04,0.0,3.521288016462038,4.142541727223667,3.453118311276297,4.467673493904492,0-7-8,0,0,0,2.4737480651062183,3.093770559991082,3.541185756605864,4.084448253597773,141,True
219,219,219,landmark,sub10,0.0,1.8372635233786163,5.0039046173675805,2.1660842580910464,4.717847571033412,3-4-8,3,0,0,2.0171911569108865,3.7306308954407967,2.0556466201991697,4.653975209774439,146,True
220,220,220,combined,sub16,0.0,1.4008694050476602,4.6712922510920185,1.5468816887237025,4.467673493904492,1-4-8,1,0,0,2.509265329819144,3.0727491258043957,1.2609916628111606,4.742806859974968,169,True
221,221,221,combined,sub17,0.0,1.4510998013269578,4.039566793286952,1.5468816887237025,4.467673493904492,1-4-8,1,0,0,2.5551910446658006,3.020091396927792,1.6229386612506644,4.247905300692099,132,True
222,222,222,landmark,sub01,0.0,2.3965715253223085,5.020297315301416,2.1660842580910464,4.717847571033412,3-4-8,3,0,0,2.4374645877536096,3.1302526259064223,2.623327254571752,4.690096384693213,138,True
223,223,223,self-motion,sub11,0.0,3.0377074103902184,4.788466317792631,2.8339157419089536,4.717847571033412,2-7-8,2,0,0,2.5653543124236653,3.083449034086557,3.0356870993257403,4.848968286313673,136,True
224,224,224,landmark,sub04,0.0,2.8886731749689694,4.67296339336999,2.8339157419089536,4.717847571033412,2-5-8,2,0,0,2.055551243421597,2.262935113784552,2.8741997424552057,5.025642560910155,161,True
225,225,225,combined,sub05,0.0,3.0107080588886768,4.937202893398439,2.8339157419089536,4.717847571033412,2-7-8,2,0,0,2.4686783111519723,3.058524671900845,2.932206085461554,4.823534418442808,142,True
226,226,226,conflict,sub17,15.0,3.137454544718957,4.458817074338286,3.453118311276297,4.467673493904492,0-5-8,0,0,0,2.4197037952574565,3.0507084530067146,3.603755313974722,4.357726205538818,156,True
227,227,227,self-motion,sub16,0.0,2.272266948813262,4.700407486045586,2.8339157419089536,4.717847571033412,2-5-8,2,0,0,2.5404233098498343,3.098591823487906,2.9790286828234023,4.566413808638751,141,True
228,228,228,self-motion,sub14,0.0,2.2194041061140424,4.19894760689847,2.1660842580910464,4.717847571033412,3-6-8,3,0,0,2.485359690381588,3.0279570201072565,2.459329019938993,4.492176063051597,142,True
229,229,229,combined,sub12,0.0,3.516749700500281,4.495345648476379,3.453118311276297,4.467673493904492,0-5-8,0,0,0,2.5004146443945685,3.113045567084399,3.433034844759246,4.391607732362406,178,True
230,230,230,combined,sub09,0.0,1.3757566760039457,4.619042848573293,1.5468816887237025,4.467673493904492,1-4-8,1,0,0,2.6083389907045413,3.0171753247154487,0.9466244557451112,4.773879471842964,141,True
231,231,231,conflict,sub02,15.0,3.07518352597366,4.577165772298299,3.453118311276297,4.467673493904492,0-7-8,0,0,0,2.5260678134673973,3.0822696248161963,3.6111830126630218,4.611123390535627,131,True
232,232,232,self-motion,sub15,0.0,1.8793695807696025,4.8520836136921455,1.5468816887237025,4.467673493904492,1-6-8,1,0,0,2.574342125012992,2.976645627019852,1.2246041840694888,4.544392277650225,167,True
233,233,233,combined,sub07,0.0,3.5079171467385035,4.384872043220655,3.453118311276297,4.467673493904492,0-7-8,0,0,0,2.503025699942424,3.050385579522418,3.579214842421832,4.69713255213194,146,True
234,234,234,combined,sub13,0.0,1.2575966076128793,4.5039911045135375,1.5468816887237025,4.467673493904492,1-4-8,1,0,0,2.5884760392409354,3.0340113200769045,1.31396182042498,4.320342942583077,140,True
235,235,235,combined,sub11,0.0,2.655976873903544,4.251575845900448,2.8339157419089536,4.717847571033412,2-7-8,2,0,0,2.516376889548053,3.0152178972390486,2.6386833303243264,4.496945019700018,136,True
236,236,236,combined,sub16,0.0,2.1466474700079257,4.420056703423107,2.1660842580910464,4.717847571033412,3-6-8,3,0,0,2.563338728210021,3.0970171825586217,2.0299993572877075,4.565078241111051,176,True
237,237,237,combined,sub05,0.0,3.7468983264819538,4.813493066684757,3.453118311276297,4.467673493904492,0-5-8,0,0,0,2.3959271173404293,3.049588799875341,3.886441723549122,4.646936440865223,136,True
238,238,238,combined,sub12,0.0,1.8365340664722407,4.435772031367418,1.5468816887237025,4.467673493904492,1-4-8,1,0,0,2.464967822667287,3.030508662466161,1.830389677501407,4.369534764796645,147,True
239,239,239,landmark,sub13,0.0,2.5317538681641065,4.386739898435821,2.8339157419089536,4.717847571033412,2-5-8,2,0,0,1.5473137406167297,2.409507957518794,2.599365087497795,4.571710919726752,147,True
240,240,240,landmark,sub03,0.0,3.045637225821021,3.97503744044828,3.453118311276297,4.467673493904492,0-5-8,0,0,0,2.086387105102141,2.5132938096006026,3.0780851104647904,4.25387816950607,141,True
241,241,241,landmark,sub09,0.0,2.8573705728331933,4.444330985137776,2.8339157419089536,4.717847571033412,2-5-8,2,0,0,2.350993738564991,2.6655297870835075,2.8710030103009747,4.673100629973348,131,True
242,242,242,self-motion,sub07,0.0,1.5991737134953077,4.866073051082398,1.5468816887237025,4.467673493904492,1-6-8,1,0,0,2.4874943972398387,3.115767291235549,1.1278584360888682,4.590762798772732,136,True
243,243,243,combined,sub14,0.0,2.9298098227210767,4.490625626409215,2.8339157419089536,4.717847571033412,2-7-8,2,0,0,2.5521148900553845,3.061209866876044,3.170802874531962,4.557287612857187,141,True
244,244,244,landmark,sub11,0.0,1.9994881638524709,4.521821772320026,2.1660842580910464,4.717847571033412,3-6-8,3,0,0,2.7669658618806,3.038166479246613,2.5593506301193,4.606935431525369,127,True
245,245,245,self-motion,sub03,0.0,2.4782258143892206,4.380578611584972,2.8339157419089536,4.717847571033412,2-5-8,2,0,0,2.459975964774137,3.070839218148755,2.94524998256316,4.58070100075298,138,True
246,246,246,combined,sub04,0.0,1.8617037256480191,4.457341613038915,1.5468816887237025,4.467673493904492,1-6-8,1,0,0,2.4355434747093434,3.0502466943333286,2.060093146926544,4.554921689186849,137,True
247,247,247,self-motion,sub17,0.0,1.9502292484622945,4.446127449219481,2.8339157419089536,4.717847571033412,2-5-8,2,0,0,2.5225263281078973,3.0321018562862645,2.4026633034648097,4.968701828058832,136,True
248,248,248,self-motion,sub12,0.0,2.783048719928626,4.548994497321792,2.8339157419089536,4.717847571033412,2-7-8,2,0,0,2.575389508480155,3.0984039465895075,2.998965600998451,4.579161830046453,136,True
249,249,249,landmark,sub04,0.0,3.085675813141528,4.1129687734230735,3.453118311276297,4.467673493904492,0-7-8,0,0,0,3.328912877655666,2.566266753206062,2.9822818653210925,4.238796729088243,141,True
250,250,250,combined,sub01,0.0,3.484537327051872,4.191957444651926,3.453118311276297,4.467673493904492,0-7-8,0,0,0,2.4686760010216737,3.0984036869684184,3.3739759568256527,4.130262081076753,132,True
251,251,251,combined,sub14,0.0,2.555221485539982,4.680310135421462,2.1660842580910464,4.717847571033412,3-4-8,3,0,0,2.5813352076532947,2.9984804336714705,2.503683711331412,4.773819614591414,141,True
252,252,252,landmark,sub08,0.0,2.8811763541539057,4.708070374402211,2.8339157419089536,4.717847571033412,2-7-8,2,0,0,3.4231868363479574,3.9435226700535138,3.05791475896642,4.650851467238793,169,True
253,253,253,landmark,sub07,0.0,2.007496976497774,4.2806041851173,2.1660842580910464,4.717847571033412,3-6-8,3,0,0,2.5926780309670985,2.769638206823408,1.796105035604928,4.3250919784128925,136,True
254,254,254,landmark,sub15,0.0,1.3049345120507885,4.564884042578862,1.5468816887237025,4.467673493904492,1-6-8,1,0,0,2.334598871857981,3.769499372130367,1.1989380666611094,4.740127528231192,146,True
255,255,255,self-motion,sub13,0.0,3.090132081346051,4.313030131611674,2.8339157419089536,4.717847571033412,2-5-8,2,0,0,2.528813024992232,3.1041284319396643,2.969538823035305,4.396515108155647,146,True
256,256,256,self-motion,sub08,0.0,3.2042624103345103,4.582751460459561,3.453118311276297,4.467673493904492,0-7-8,0,0,0,2.5299336646065407,3.045452126668669,3.353870695152965,4.525436552858871,152,True
257,257,257,conflict,sub14,15.0,1.6629150588114765,4.306491669641083,2.1660842580910464,4.717847571033412,3-6-8,3,0,0,2.521164791362981,3.0307999448016965,1.8371125976529945,4.550762158354876,141,True
258,258,258,self-motion,sub07,0.0,3.4535522485128225,4.456701431104512,3.453118311276297,4.467673493904492,0-5-8,0,0,0,2.5229379076594247,3.0975581991410466,3.865318873731351,4.391884318793871,131,True
259,259,259,conflict,sub17,15.0,2.555437897462556,4.82851825189208,2.8339157419089536,4.717847571033412,2-5-8,2,0,0,2.480374425662393,2.967756311171387,3.0245591454594827,4.8876058200138095,153,True
260,260,260,combined,sub03,0.0,1.8289152349992128,4.388939048275876,1.5468816887237025,4.467673493904492,1-6-8,1,0,0,2.5813174698251204,3.024941376386714,1.5981928942271586,4.284377715872367,136,True
261,261,261,combined,sub17,0.0,3.2877177802333377,4.534567645020883,3.453118311276297,4.467673493904492,0-5-8,0,0,0,2.5325713229519327,3.1126752678239864,3.362880264155826,4.481096820917126,136,True
262,262,262,self-motion,sub13,0.0,3.0393290960265773,4.8044990978898605,2.1660842580910464,4.717847571033412,3-6-8,3,0,0,2.494733063910201,3.0694411812683016,2.053464609231927,4.697262572785922,131,True
263,263,263,landmark,sub06,0.0,3.097225020599797,4.857957187134702,2.8339157419089536,4.717847571033412,2-7-8,2,0,0,2.182235529156824,2.436923575226741,3.0049081655178016,4.791701695371746,121,True
264,264,264,self-motion,sub17,0.0,3.1995555862164187,4.043164525872524,3.453118311276297,4.467673493904492,0-5-8,0,0,0,2.400763291640801,3.043637844244308,3.232750095153995,4.1178189552395565,136,True
265,265,265,combined,sub03,0.0,2.840575911302188,4.633568218513142,2.8339157419089536,4.717847571033412,2-7-8,2,0,0,2.553423096572375,3.0837977444148392,2.965530663141726,4.77012134373472,146,True
266,266,266,self-motion,sub14,0.0,2.736938341766629,4.963480366878162,2.8339157419089536,4.717847571033412,2-5-8,2,0,0,2.4190815202915013,3.0464298040801223,3.18701558392109,4.948009593072356,126,True
267,267,267,conflict,sub03,15.0,1.7160090332187985,4.356537027467674,2.1660842580910464,4.717847571033412,3-4-8,3,0,0,2.505954921295303,3.045342132987761,2.2828617760423344,4.543404613768653,126,True
268,268,268,combined,sub15,0.0,2.3696596579918845,4.5547464906052575,2.1660842580910464,4.717847571033412,3-6-8,3,0,0,2.436006238863408,3.0678184712763303,2.6929327689046234,4.578138513502127,141,True
269,269,269,conflict,sub07,15.0,2.1290029356473457,4.847220833371988,2.8339157419089536,4.717847571033412,2-5-8,2,0,0,2.431257576771012,2.9972998138435925,2.7821677321328364,4.947917169022016,146,True
270,270,270,landmark,sub02,0.0,1.9783782485344457,5.1539735462114376,2.1660842580910464,4.717847571033412,3-4-8,3,0,0,2.5249534459145093,2.4239142855557114,2.162533917730301,4.885070847910928,136,True
271,271,271,landmark,sub03,0.0,2.033707625012097,4.705720890679394,2.1660842580910464,4.717847571033412,3-6-8,3,0,0,2.8113550429580934,2.336035203380878,2.006710346411499,4.9801809974068325,137,True
